timestamp,open,high,low,close,volume,close_time,quote_volume,count,taker_buy_volume,taker_buy_quote_volume,ignore
2025-07-20 04:00:00,3926.61,3928.93,3902.08,3925.73,201.1885,1752987599999,787842.783275,169,113.25250000,443384.15104900,0
2025-07-20 05:00:00,3922.31,3926.16,3904.21,3914.33,199.2429,1752991199999,780035.50756,165,95.58500000,374065.10843300,0
2025-07-20 06:00:00,3914.68,3927.0,3907.08,3920.49,174.0638,1752994799999,681908.535692,150,98.99670000,387820.47098600,0
2025-07-20 07:00:00,3921.37,3956.09,3921.37,3937.46,261.934,1752998399999,1031625.28403,232,182.27970000,717673.67125000,0
2025-07-20 08:00:00,3938.51,3982.85,3938.51,3975.04,313.8798,1753001999999,1243085.883071,270,237.62310000,940668.66208900,0
2025-07-20 09:00:00,3976.81,3994.26,3968.89,3984.83,221.0377,1753005599999,879843.641574,187,147.86320000,588375.48590100,0
2025-07-20 10:00:00,3979.82,3983.05,3968.63,3971.29,53.3054,1753009199999,211858.45779,41,29.61640000,117669.84293200,0
2025-07-20 11:00:00,3970.0,4035.0,3967.0,4028.75,233.6858,1753012799999,934473.969398,204,202.90840000,811305.79241400,0
2025-07-20 12:00:00,4028.7,4028.7,3998.72,4010.73,116.6781,1753016399999,467718.03676,94,57.37890000,229857.94035500,0
2025-07-20 13:00:00,4013.6,4024.87,4010.98,4020.55,126.9067,1753019999999,509829.13758,109,95.56930000,384003.78786200,0
2025-07-20 14:00:00,4020.87,4031.69,4003.82,4031.69,222.0113,1753023599999,891971.091738,189,117.44030000,471836.95367400,0
2025-07-20 15:00:00,4031.69,4062.63,4023.12,4061.0,223.6666,1753027199999,904033.416661,198,155.47110000,628365.12319400,0
2025-07-20 16:00:00,4059.98,4090.59,4041.23,4084.89,238.4041,1753030799999,967998.842145,208,179.71790000,729885.95283100,0
2025-07-20 17:00:00,4084.89,4087.58,4023.8,4023.94,206.7177,1753034399999,837124.741391,188,64.39420000,260950.77904600,0
2025-07-20 18:00:00,4015.28,4025.75,4006.28,4021.9,134.4256,1753037999999,539940.062139,119,87.41900000,351214.63334500,0
2025-07-20 19:00:00,4018.87,4042.87,4018.0,4030.22,223.0248,1753041599999,899444.445504,197,141.36150000,569951.34406400,0
2025-07-20 20:00:00,4022.86,4022.86,3989.78,4013.46,245.4129,1753045199999,984593.28475,216,93.05150000,373211.21712900,0
2025-07-20 21:00:00,4013.46,4024.54,3998.64,4024.54,131.1807,1753048799999,525945.880471,114,94.35100000,378432.08263200,0
2025-07-20 22:00:00,4017.31,4024.55,3967.57,4024.15,292.726,1753052399999,1170651.096236,261,178.93240000,715333.63582600,0
2025-07-20 23:00:00,4020.45,4036.77,4009.49,4033.12,213.7174,1753055999999,858921.065491,185,127.34200000,511857.52028300,0
2025-07-21 00:00:00,4032.72,4032.72,3982.27,4017.73,306.5839,1753059599999,1227314.347177,271,158.27880000,633610.95255700,0
2025-07-21 01:00:00,4017.73,4024.76,3974.19,3995.45,271.992,1753063199999,1087958.405453,237,105.38370000,421580.81381700,0
2025-07-21 02:00:00,3993.3,4018.89,3993.3,4011.64,212.1995,1753066799999,850716.407503,185,124.23200000,497786.08283900,0
2025-07-21 03:00:00,4013.74,4036.79,4013.74,4026.56,169.5173,1753070399999,682793.642986,152,127.66440000,514053.20261100,0
2025-07-21 04:00:00,4027.01,4046.71,4027.01,4040.55,138.8392,1753073999999,560578.957033,121,107.91980000,435682.17529400,0
2025-07-21 05:00:00,4031.44,4052.69,4021.96,4052.69,109.7046,1753077599999,442995.279631,91,77.19810000,311940.03040400,0
2025-07-21 06:00:00,4053.98,4086.91,4050.69,4063.52,212.2813,1753081199999,863228.158642,190,116.19700000,472368.66102100,0
2025-07-21 07:00:00,4061.11,4078.44,4060.83,4060.83,105.0034,1753084799999,427396.831648,93,67.72040000,275578.46917200,0
2025-07-21 08:00:00,4060.45,4084.77,4045.54,4047.61,154.9474,1753088399999,629865.810318,135,89.79690000,364844.77321700,0
2025-07-21 09:00:00,4053.39,4055.43,4033.83,4041.74,106.1992,1753091999999,429573.841138,97,76.10580000,307846.42290900,0
2025-07-21 10:00:00,4045.88,4090.24,4042.31,4085.03,182.5155,1753095599999,741684.239359,162,150.75380000,613016.52986600,0
2025-07-21 11:00:00,4085.44,4110.13,4076.61,4089.75,140.0046,1753099199999,573021.117442,124,80.67130000,330213.20893800,0
2025-07-21 12:00:00,4084.08,4096.28,4073.96,4089.46,189.8326,1753102799999,775634.36998,169,99.03070000,404635.22506500,0
2025-07-21 13:00:00,4087.64,4094.96,4053.23,4094.11,226.7175,1753106399999,923574.764629,197,133.49050000,543869.85879800,0
2025-07-21 14:00:00,4092.39,4131.21,4092.39,4122.09,174.4342,1753109999999,717503.207756,158,120.15530000,493727.69573000,0
2025-07-21 15:00:00,4118.57,4126.24,4089.92,4089.92,268.9473,1753113599999,1103606.066726,241,117.32460000,481134.17462100,0
2025-07-21 16:00:00,4088.43,4092.68,4024.36,4044.98,394.6391,1753117199999,1600253.116482,371,158.65380000,642981.06278400,0
2025-07-21 17:00:00,4046.27,4059.25,4022.53,4042.7,458.0075,1753120799999,1852939.799052,403,266.23620000,1076661.62152600,0
2025-07-21 18:00:00,4042.7,4070.33,4008.79,4008.8,602.3898,1753124399999,2437899.496947,548,291.69260000,1181861.27541300,0
2025-07-21 19:00:00,4009.1,4041.98,3991.1,4007.27,529.5528,1753127999999,2125392.846807,469,294.02940000,1179978.49839500,0
2025-07-21 20:00:00,4006.97,4036.11,3995.37,4029.76,487.5738,1753131599999,1960445.268085,441,327.36540000,1315995.01403400,0
2025-07-21 21:00:00,4028.98,4033.38,4019.5,4028.73,126.8982,1753135199999,510923.7877,108,81.41770000,327797.34849100,0
2025-07-21 22:00:00,4029.24,4051.3,4028.04,4036.52,187.1129,1753138799999,756094.558055,158,137.86360000,556944.03604800,0
2025-07-21 23:00:00,4035.92,4049.42,4024.91,4035.2,346.6845,1753142399999,1399102.714898,308,224.91010000,907443.48323200,0
2025-07-22 00:00:00,4035.2,4049.21,4017.4,4018.82,552.4535,1753145999999,2227119.603844,497,353.54080000,1425590.15216700,0
2025-07-22 01:00:00,4018.82,4071.46,3978.68,4065.08,558.1583,1753149599999,2243700.885029,501,374.03220000,1504203.16743900,0
2025-07-22 02:00:00,4065.49,4066.58,4004.8,4005.63,435.6253,1753153199999,1762079.022321,384,149.24190000,603821.19197300,0
2025-07-22 03:00:00,4005.63,4016.12,3979.61,3997.31,570.291,1753156799999,2279451.319772,506,250.09000000,999557.59749700,0
2025-07-22 04:00:00,3997.65,4001.86,3937.04,3937.04,576.3783,1753160399999,2291515.252928,517,154.28650000,614043.31991900,0
2025-07-22 05:00:00,3937.04,3964.39,3926.72,3956.57,435.7907,1753163999999,1720406.618501,397,288.88000000,1140277.48813000,0
2025-07-22 06:00:00,3953.75,3985.79,3948.6,3959.0,391.568,1753167599999,1553520.826304,341,212.87440000,844502.33268600,0
2025-07-22 07:00:00,3961.1,3984.22,3936.73,3941.39,433.2973,1753171199999,1717891.630386,378,260.36590000,1032547.86947700,0
2025-07-22 08:00:00,3940.75,3940.75,3889.32,3914.48,448.8705,1753174799999,1755966.53844,399,214.34950000,837817.97987500,0
2025-07-22 09:00:00,3913.14,3932.12,3886.22,3929.24,333.7592,1753178399999,1304814.027769,286,145.44680000,568873.82713400,0
2025-07-22 10:00:00,3928.83,3968.66,3928.83,3968.66,271.4972,1753181999999,1071199.12256,231,206.41980000,814606.77450000,0
2025-07-22 11:00:00,3968.59,3988.06,3955.31,3980.64,427.9761,1753185599999,1698614.931451,375,298.23320000,1183598.76319400,0
2025-07-22 12:00:00,3976.11,3979.11,3961.61,3970.81,305.7917,1753189199999,1214263.915123,263,175.60330000,697111.08914000,0
2025-07-22 13:00:00,3971.63,3975.27,3907.73,3919.24,468.8562,1753192799999,1853380.964038,420,185.98780000,736538.92056600,0
2025-07-22 14:00:00,3913.88,3971.73,3901.06,3971.73,564.5772,1753196399999,2219770.869684,494,369.76740000,1454532.76662700,0
2025-07-22 15:00:00,3978.26,3997.97,3971.05,3989.97,403.8995,1753199999999,1609485.517999,359,283.55110000,1129882.87191500,0
2025-07-22 16:00:00,3989.58,4020.22,3982.08,3987.24,400.6225,1753203599999,1603644.337825,355,252.94430000,1012165.18305300,0
2025-07-22 17:00:00,3993.58,3993.65,3949.82,3972.91,506.955,1753207199999,2009463.921038,447,270.29010000,1071188.40383500,0
2025-07-22 18:00:00,3972.07,3995.56,3957.18,3983.03,508.1833,1753210799999,2018123.060463,450,333.58740000,1324513.78624900,0
2025-07-22 19:00:00,3983.1,3991.01,3925.15,3934.06,491.6284,1753214399999,1948188.015133,431,204.46860000,810569.64801500,0
2025-07-22 20:00:00,3934.3,3974.65,3929.67,3972.82,405.8403,1753217999999,1606389.398472,347,277.40300000,1098187.56110600,0
2025-07-22 21:00:00,3972.82,3975.97,3966.12,3972.69,85.8599,1753221599999,340968.225863,75,58.12770000,230819.49333800,0
2025-07-22 22:00:00,3977.05,3999.77,3977.05,3988.5,164.5009,1753225199999,656219.069345,141,114.49080000,456557.54707900,0
2025-07-22 23:00:00,3989.54,4023.5,3989.54,4017.57,360.956,1753228799999,1447981.668734,326,233.13040000,934774.32201000,0
2025-07-23 00:00:00,4017.26,4032.53,4000.04,4000.04,513.7219,1753232399999,2061790.867904,453,260.95700000,1047255.98850000,0
2025-07-23 01:00:00,3997.42,4011.16,3986.28,4008.24,438.9369,1753235999999,1755754.025028,386,245.94720000,984027.43667000,0
2025-07-23 02:00:00,4010.21,4037.8,4003.9,4019.2,469.6371,1753239599999,1887238.449859,410,299.01240000,1201280.09490400,0
2025-07-23 03:00:00,4019.15,4028.42,3997.94,3999.06,468.446,1753243199999,1880683.886987,413,234.33190000,940869.27210200,0
2025-07-23 04:00:00,3999.84,4008.17,3993.75,4006.98,239.6461,1753246799999,958839.729189,199,170.06060000,680529.73574500,0
2025-07-23 05:00:00,4009.04,4009.04,3978.98,3986.8,274.3336,1753250399999,1094683.206709,227,148.18920000,590938.35471600,0
2025-07-23 06:00:00,3986.8,3987.54,3957.66,3967.09,360.5512,1753253999999,1430901.374507,307,184.87050000,733320.95085800,0
2025-07-23 07:00:00,3966.41,3970.51,3934.34,3943.21,447.4997,1753257599999,1769934.147073,392,217.00880000,858554.41916900,0
2025-07-23 08:00:00,3942.79,3956.7,3935.92,3956.7,422.5098,1753261199999,1667665.781008,363,271.63180000,1072210.23497400,0
2025-07-23 09:00:00,3965.08,3968.03,3921.33,3932.28,387.5734,1753264799999,1526705.046031,329,155.07020000,609960.46137800,0
2025-07-23 10:00:00,3932.28,3936.86,3910.04,3934.55,344.6069,1753268399999,1353264.188121,297,231.18240000,907705.22594700,0
2025-07-23 11:00:00,3934.15,3945.18,3914.73,3940.92,301.6109,1753271999999,1186437.050342,255,200.14590000,786987.16485300,0
2025-07-23 12:00:00,3940.02,3950.95,3905.5,3905.5,311.0469,1753275599999,1224313.493643,268,137.10460000,540046.12908500,0
2025-07-23 13:00:00,3904.32,3931.49,3842.81,3855.53,480.3851,1753279199999,1871356.916378,414,215.71710000,841062.47897000,0
2025-07-23 14:00:00,3854.12,3888.12,3846.75,3877.04,473.0051,1753282799999,1828379.662084,400,289.37430000,1118217.63134300,0
2025-07-23 15:00:00,3877.04,3910.58,3862.51,3909.87,542.2216,1753286399999,2103474.576118,464,349.75960000,1357076.69362800,0
2025-07-23 16:00:00,3910.99,3911.0,3840.9,3847.95,458.0607,1753289999999,1775470.842055,382,201.92930000,781244.74695100,0
2025-07-23 17:00:00,3845.34,3854.57,3822.99,3847.6,381.0248,1753293599999,1462039.165594,323,220.27000000,844991.25724000,0
2025-07-23 18:00:00,3847.49,3867.23,3847.32,3865.75,398.1469,1753297199999,1535934.96934,344,255.43710000,985412.23491200,0
2025-07-23 19:00:00,3865.75,3875.36,3850.14,3855.01,449.2998,1753300799999,1735598.151346,381,235.28010000,908956.02649100,0
2025-07-23 20:00:00,3853.32,3862.46,3808.33,3832.56,497.68,1753304399999,1907595.088193,423,206.92770000,793187.39214900,0
2025-07-23 21:00:00,3832.56,3842.61,3793.81,3842.61,195.0878,1753307999999,745632.172006,165,134.76720000,514761.67421400,0
2025-07-23 22:00:00,3856.89,3879.19,3856.89,3869.28,105.3763,1753311599999,407561.706899,90,57.43180000,221970.15066800,0
2025-07-23 23:00:00,3869.22,3896.88,3869.22,3889.69,278.0358,1753315199999,1081279.523063,230,181.84840000,706977.45788300,0
2025-07-24 00:00:00,3889.69,3911.0,3876.99,3911.0,316.4418,1753318799999,1232969.559123,266,225.46560000,878554.08283100,0
2025-07-24 01:00:00,3911.0,3915.9,3896.88,3912.83,317.5462,1753322399999,1240368.59766,269,172.42660000,673586.71121900,0
2025-07-24 02:00:00,3913.89,3920.82,3903.56,3920.82,249.2404,1753325999999,974852.963085,211,134.17830000,524748.82275800,0
2025-07-24 03:00:00,3915.29,3932.42,3911.02,3912.6,235.887,1753329599999,925293.302464,195,142.02950000,557169.96254400,0
2025-07-24 04:00:00,3908.97,3922.86,3872.14,3878.1,501.8458,1753333199999,1957671.57018,434,220.34820000,859126.65233000,0
2025-07-24 05:00:00,3878.05,3878.19,3821.81,3821.81,536.2544,1753336799999,2065248.158731,463,234.63100000,903485.76811300,0
2025-07-24 06:00:00,3823.17,3840.48,3791.66,3797.47,365.6632,1753340399999,1398995.310562,303,191.35970000,732421.74984400,0
2025-07-24 07:00:00,3797.47,3859.41,3769.43,3859.41,436.6756,1753343999999,1669433.254205,365,356.48330000,1363541.94859600,0
2025-07-24 08:00:00,3859.79,3907.45,3848.58,3904.38,471.6277,1753347599999,1832010.398032,410,328.98700000,1277840.90917000,0
2025-07-24 09:00:00,3901.54,3910.81,3890.8,3905.89,282.531,1753351199999,1101892.648783,245,169.16090000,659684.60800600,0
2025-07-24 10:00:00,3907.04,3919.87,3859.38,3888.19,520.3935,1753354799999,2021786.000908,454,269.76330000,1046754.32336500,0
2025-07-24 11:00:00,3889.32,3929.46,3887.53,3929.46,423.5302,1753358399999,1657482.460818,363,310.48840000,1214753.08146900,0
2025-07-24 12:00:00,3926.44,3928.59,3890.53,3912.29,488.1984,1753361999999,1907835.731759,423,218.84830000,854889.55933900,0
2025-07-24 13:00:00,3912.84,3918.52,3901.49,3901.49,302.1493,1753365599999,1181758.039988,265,136.16660000,532626.06581500,0
2025-07-24 14:00:00,3895.7,4006.7,3886.18,4006.7,512.6492,1753369199999,2015018.502363,452,404.30890000,1590002.88110500,0
2025-07-24 15:00:00,4006.7,4041.78,3992.03,4003.15,483.2033,1753372799999,1939620.819953,430,268.65230000,1078556.34549200,0
2025-07-24 16:00:00,4004.22,4005.29,3940.9,3954.73,423.5747,1753376399999,1681732.298725,376,201.32220000,799727.75317300,0
2025-07-24 17:00:00,3956.02,4006.65,3956.02,3998.03,417.8225,1753379999999,1665654.839697,365,291.14020000,1160135.25616700,0
2025-07-24 18:00:00,3994.52,4023.71,3988.5,4018.42,463.9611,1753383599999,1859288.901743,410,348.09990000,1394989.24000000,0
2025-07-24 19:00:00,4016.67,4028.97,3998.26,4006.79,470.6398,1753387199999,1888713.868351,413,291.52530000,1169636.50881900,0
2025-07-24 20:00:00,4006.45,4013.24,3997.77,4011.14,419.0997,1753390799999,1679045.71793,356,273.24830000,1094784.03644000,0
2025-07-24 21:00:00,4009.77,4015.25,3985.86,3997.81,181.5761,1753394399999,726866.462984,155,95.76740000,383355.81229200,0
2025-07-24 22:00:00,3996.18,4003.95,3974.28,3997.67,401.7556,1753397999999,1602028.194993,350,280.79750000,1119760.14853400,0
2025-07-24 23:00:00,3994.88,3994.97,3969.3,3976.9,501.1807,1753401599999,1994466.489022,443,295.07580000,1173961.21647800,0
2025-07-25 00:00:00,3977.38,3977.38,3917.8,3928.72,549.8517,1753405199999,2169401.824901,482,243.17480000,958802.00685500,0
2025-07-25 01:00:00,3926.44,3959.19,3917.15,3959.19,665.3267,1753408799999,2619028.981299,587,435.70770000,1715796.74419900,0
2025-07-25 02:00:00,3953.7,3961.18,3889.05,3889.05,603.512,1753412399999,2374184.70406,529,300.26690000,1182117.45732700,0
2025-07-25 03:00:00,3887.65,3899.73,3846.32,3862.6,618.1347,1753415999999,2395423.863794,541,382.19470000,1480688.72166600,0
2025-07-25 04:00:00,3862.6,3918.16,3849.51,3918.1,691.2247,1753419599999,2679406.048315,597,485.20710000,1881418.68376800,0
2025-07-25 05:00:00,3918.1,3918.1,3883.67,3904.84,677.2397,1753423199999,2639314.304206,585,379.35260000,1477717.33744700,0
2025-07-25 06:00:00,3901.61,3911.75,3879.31,3902.45,575.9481,1753426799999,2243828.066527,492,351.27050000,1368159.95890100,0
2025-07-25 07:00:00,3900.43,3932.82,3868.81,3887.09,626.02,1753430399999,2440197.432562,546,331.09770000,1289525.30906200,0
2025-07-25 08:00:00,3899.4,3948.27,3899.4,3935.48,573.0206,1753433999999,2249160.67854,507,388.53650000,1524370.90155900,0
2025-07-25 09:00:00,3937.44,3996.99,3923.2,3996.99,775.6937,1753437599999,3072878.106702,691,499.14630000,1976320.50664200,0
2025-07-25 10:00:00,3996.99,4019.99,3979.14,3987.64,502.3703,1753441199999,2006357.786601,451,282.63790000,1129093.90305000,0
2025-07-25 11:00:00,3992.2,4018.25,3989.12,3997.52,365.028,1753444799999,1460742.149413,324,268.06410000,1072616.54337300,0
2025-07-25 12:00:00,3997.42,4004.1,3967.89,3972.14,591.7984,1753448399999,2362826.837546,529,331.56850000,1323764.57665800,0
2025-07-25 13:00:00,3974.01,3989.05,3950.11,3973.84,552.0766,1753451999999,2192219.423301,485,289.35890000,1148914.01855600,0
2025-07-25 14:00:00,3975.09,3978.5,3897.21,3897.21,585.1824,1753455599999,2305296.692203,512,249.79430000,984417.69403600,0
2025-07-25 15:00:00,3894.83,3911.79,3873.09,3904.03,614.9352,1753459199999,2396072.047741,548,289.58140000,1128070.90984000,0
2025-07-25 16:00:00,3903.31,3913.94,3887.27,3910.57,589.7495,1753462799999,2301496.202164,513,377.64280000,1473628.74768700,0
2025-07-25 17:00:00,3910.6,3915.58,3896.77,3907.56,613.0461,1753466399999,2395086.87525,525,372.45380000,1455004.46516600,0
2025-07-25 18:00:00,3906.0,3924.34,3905.14,3923.56,315.0613,1753469999999,1234072.536239,267,202.15400000,791766.76557100,0
2025-07-25 19:00:00,3921.54,3930.51,3909.62,3911.78,367.098,1753473599999,1439973.076232,305,195.36120000,766302.30255100,0
2025-07-25 20:00:00,3911.78,3970.02,3909.72,3957.8,417.2415,1753477199999,1643542.937745,358,300.60090000,1184785.69262100,0
2025-07-25 21:00:00,3957.14,3994.55,3957.14,3986.83,158.6777,1753480799999,631168.64699,136,131.99940000,524951.00908100,0
2025-07-25 22:00:00,3992.91,4002.45,3990.88,3994.98,171.4089,1753484399999,685039.946976,142,114.77060000,458612.14219900,0
2025-07-25 23:00:00,3994.53,4001.78,3983.36,3999.47,205.899,1753487999999,822100.731815,170,138.69740000,553815.31775200,0
2025-07-26 00:00:00,3999.9,4003.79,3986.29,4001.01,374.6092,1753491599999,1496793.599383,320,248.10130000,991341.63123200,0
2025-07-26 01:00:00,4002.28,4002.28,3975.09,3976.96,247.5839,1753495199999,988141.587661,202,129.89670000,518399.96748300,0
2025-07-26 02:00:00,3976.34,4037.9,3976.01,4019.68,458.9663,1753498799999,1838339.137145,409,353.10870000,1413279.35372800,0
2025-07-26 03:00:00,4019.47,4023.54,4005.2,4023.54,341.7154,1753502399999,1371151.555065,293,227.82570000,914157.47634700,0
2025-07-26 04:00:00,4020.43,4029.73,4013.27,4029.33,299.3634,1753505999999,1204322.320893,249,200.22950000,805504.37585600,0
2025-07-26 05:00:00,4026.06,4031.91,4011.91,4026.22,296.718,1753509599999,1193668.41975,253,175.79680000,707146.13932700,0
2025-07-26 06:00:00,4025.92,4025.99,4011.95,4015.66,279.7127,1753513199999,1124444.713902,234,116.41980000,467964.10578700,0
2025-07-26 07:00:00,4017.29,4024.6,4015.67,4017.74,238.569,1753516799999,959013.267708,197,177.44490000,713300.35585000,0
2025-07-26 08:00:00,4018.48,4055.58,4018.48,4037.15,233.5045,1753520399999,942431.213886,203,172.06560000,694183.94181600,0
2025-07-26 09:00:00,4038.42,4041.83,4029.65,4037.31,295.3234,1753523999999,1191606.846179,249,180.31420000,727468.70237300,0
2025-07-26 10:00:00,4037.49,4061.73,4030.97,4041.5,367.3545,1753527599999,1485952.502072,326,269.43160000,1089900.48454500,0
2025-07-26 11:00:00,4037.79,4047.13,4015.07,4015.07,353.0382,1753531199999,1423011.381786,294,191.94300000,773681.98187500,0
2025-07-26 12:00:00,4013.9,4027.96,4006.77,4017.98,268.8385,1753534799999,1080241.15224,235,176.07770000,707566.65763300,0
2025-07-26 13:00:00,4016.41,4033.39,4015.03,4020.64,209.6382,1753538399999,843421.329036,175,129.25470000,519909.86425000,0
2025-07-26 14:00:00,4021.05,4025.91,4004.71,4004.71,319.6056,1753541999999,1282815.527906,271,186.14570000,746892.61427700,0
2025-07-26 15:00:00,4003.72,4013.2,3995.97,4012.24,325.9876,1753545599999,1305353.023611,276,230.79510000,924057.65361700,0
2025-07-26 16:00:00,4012.49,4013.37,3998.21,4001.0,168.5539,1753549199999,675150.272243,139,109.71170000,439447.70958200,0
2025-07-26 17:00:00,4001.45,4009.32,3999.39,3999.4,143.5474,1753552799999,574673.373913,121,101.82760000,407680.99759500,0
2025-07-26 18:00:00,4001.33,4024.85,3988.24,4016.82,347.9171,1753556399999,1394348.808739,301,218.50430000,875230.23683300,0
2025-07-26 19:00:00,4016.95,4032.77,4016.95,4032.77,271.5129,1753559999999,1092413.505382,236,221.97760000,893149.44844000,0
2025-07-26 20:00:00,4030.18,4030.19,4013.71,4024.65,254.3521,1753563599999,1022794.811105,205,154.30860000,620402.69476400,0
2025-07-26 21:00:00,4021.77,4033.65,4017.04,4033.65,66.7917,1753567199999,268598.548425,54,41.39880000,166514.20866200,0
2025-07-26 22:00:00,4038.9,4064.67,4019.19,4026.63,439.2429,1753570799999,1772734.308583,391,273.72460000,1104820.66261000,0
2025-07-26 23:00:00,4026.63,4031.82,4015.1,4018.22,182.3209,1753574399999,733289.870527,153,122.84000000,494025.47916000,0
2025-07-27 00:00:00,4018.62,4033.78,4011.91,4033.78,292.3585,1753577999999,1175610.561196,246,201.39940000,809984.40347800,0
2025-07-27 01:00:00,4033.65,4051.45,4030.01,4037.96,316.0687,1753581599999,1277446.591681,269,216.09170000,873391.71880600,0
2025-07-27 02:00:00,4035.53,4065.29,4029.05,4064.61,447.2153,1753585199999,1809454.423897,390,318.54090000,1288926.13666700,0
2025-07-27 03:00:00,4066.62,4066.62,4050.47,4050.87,275.3241,1753588799999,1116851.734658,235,128.27350000,520296.31307200,0
2025-07-27 04:00:00,4051.6,4071.34,4048.63,4068.46,308.2834,1753592399999,1251398.537441,276,236.10630000,958318.72097200,0
2025-07-27 05:00:00,4069.6,4087.08,4065.29,4072.49,420.4505,1753595999999,1713207.74909,372,249.88810000,1017903.75352900,0
2025-07-27 06:00:00,4071.96,4071.96,4045.63,4049.48,336.6468,1753599599999,1366255.567204,281,146.35130000,593422.17651800,0
2025-07-27 07:00:00,4050.05,4061.26,4045.19,4047.55,205.1482,1753603199999,831490.800525,174,124.51640000,504517.56050400,0
2025-07-27 08:00:00,4049.82,4054.14,4043.93,4050.07,246.1023,1753606799999,996562.819328,203,165.36220000,669644.65786400,0
2025-07-27 09:00:00,4050.28,4053.07,4034.87,4039.49,270.5004,1753610399999,1094448.424444,224,134.76630000,545298.10975000,0
2025-07-27 10:00:00,4039.88,4115.93,4039.88,4110.17,525.7344,1753613999999,2144224.615844,475,419.22640000,1708095.39458500,0
2025-07-27 11:00:00,4105.72,4114.92,4090.8,4094.77,403.4644,1753617599999,1654782.605138,357,198.12980000,812350.56543800,0
2025-07-27 12:00:00,4094.77,4117.17,4089.6,4110.76,441.4154,1753621199999,1811246.090282,398,286.33450000,1174957.69421500,0
2025-07-27 13:00:00,4109.05,4112.34,4089.03,4092.35,321.4804,1753624799999,1318238.724261,277,143.82390000,589598.00387700,0
2025-07-27 14:00:00,4092.12,4103.59,4076.43,4090.83,456.5199,1753628399999,1868145.338234,413,279.32050000,1143038.62506800,0
2025-07-27 15:00:00,4090.35,4104.36,4077.92,4104.36,380.2767,1753631999999,1555106.773528,335,229.22410000,937650.83838900,0
2025-07-27 16:00:00,4104.25,4132.87,4096.38,4098.8,422.2484,1753635599999,1738320.854901,368,268.26120000,1104463.26797900,0
2025-07-27 17:00:00,4092.01,4124.22,4091.32,4123.81,415.7979,1753639199999,1706691.716078,369,276.84590000,1136550.86528600,0
2025-07-27 18:00:00,4124.33,4150.93,4120.36,4135.24,449.2943,1753642799999,1859716.217737,405,296.60880000,1227515.00962900,0
2025-07-27 19:00:00,4132.91,4133.74,4111.84,4113.94,267.6514,1753646399999,1103574.626919,227,143.34030000,590782.91870500,0
2025-07-27 20:00:00,4113.53,4125.77,4105.88,4107.11,318.503,1753649999999,1311462.455,268,205.39530000,845674.02962700,0
2025-07-27 21:00:00,4107.66,4120.39,4101.26,4120.39,146.0904,1753653599999,600070.394626,120,91.52680000,376033.18116800,0
2025-07-27 22:00:00,4132.3,4160.22,4129.52,4148.34,590.0929,1753657199999,2445855.103524,532,418.94200000,1736062.14366100,0
2025-07-27 23:00:00,4148.79,4159.92,4125.45,4158.1,578.5549,1753660799999,2395790.234015,515,335.31420000,1388473.70387600,0
2025-07-28 00:00:00,4156.65,4173.82,4144.09,4151.24,530.4738,1753664399999,2205757.237755,475,278.97340000,1159962.84439100,0
2025-07-28 01:00:00,4150.66,4150.66,4129.08,4131.17,476.4542,1753667999999,1972085.393173,428,240.67120000,995762.10027900,0
2025-07-28 02:00:00,4131.44,4193.71,4129.29,4170.7,473.3003,1753671599999,1971637.330297,438,366.28740000,1524762.10752700,0
2025-07-28 03:00:00,4170.9,4180.6,4156.14,4164.82,303.7008,1753675199999,1265113.651295,261,181.82170000,757316.69769200,0
2025-07-28 04:00:00,4166.91,4190.85,4155.83,4190.39,362.546,1753678799999,1512242.292519,329,238.59830000,995359.49850600,0
2025-07-28 05:00:00,4190.49,4230.64,4190.22,4221.88,548.2185,1753682399999,2311030.196974,519,401.32870000,1690670.13737400,0
2025-07-28 06:00:00,4220.29,4224.93,4199.04,4203.79,269.2518,1753685999999,1134643.189379,241,181.41480000,764309.64965000,0
2025-07-28 07:00:00,4203.32,4203.32,4165.35,4180.01,382.5524,1753689599999,1598998.929314,341,201.47580000,841584.42264600,0
2025-07-28 08:00:00,4179.1,4188.69,4171.26,4178.7,331.5813,1753693199999,1385621.252583,292,209.17540000,874040.62526400,0
2025-07-28 09:00:00,4178.23,4181.74,4163.6,4181.29,366.4132,1753696799999,1529041.013649,320,202.17500000,843608.20258800,0
2025-07-28 10:00:00,4181.65,4183.57,4162.88,4172.92,296.1644,1753700399999,1235756.488392,262,165.02940000,688537.94913400,0
2025-07-28 11:00:00,4174.39,4174.97,4148.04,4164.46,330.4836,1753703999999,1375507.38301,296,173.63270000,722528.98949300,0
2025-07-28 12:00:00,4164.73,4175.69,4159.77,4160.01,279.0862,1753707599999,1163191.967859,244,171.41170000,714356.27772500,0
2025-07-28 13:00:00,4157.72,4160.84,4111.19,4126.55,502.7075,1753711199999,2078703.828514,456,230.21970000,951529.32676400,0
2025-07-28 14:00:00,4126.29,4137.34,4056.77,4068.09,593.1972,1753714799999,2427432.868218,531,224.34600000,917510.34551800,0
2025-07-28 15:00:00,4065.36,4103.08,4062.38,4090.65,503.2979,1753718399999,2056833.955724,431,348.90250000,1425660.61399000,0
2025-07-28 16:00:00,4090.65,4105.63,4074.4,4089.88,531.1114,1753721999999,2172331.90035,458,350.65340000,1434265.39021100,0
2025-07-28 17:00:00,4089.81,4092.0,4062.8,4066.71,479.1051,1753725599999,1953153.065285,422,305.50060000,1245520.44774400,0
2025-07-28 18:00:00,4063.74,4067.53,4034.56,4062.98,559.6841,1753729199999,2266170.25552,497,380.74960000,1541632.11251200,0
2025-07-28 19:00:00,4062.77,4086.67,4045.12,4076.16,429.8234,1753732799999,1748463.64745,375,282.44060000,1149174.19595500,0
2025-07-28 20:00:00,4076.69,4085.21,4049.13,4070.22,476.5332,1753736399999,1936123.423211,410,278.49480000,1131019.62056600,0
2025-07-28 21:00:00,4065.2,4082.91,4058.35,4065.12,249.1079,1753739999999,1012955.416515,214,148.87450000,605288.20166600,0
2025-07-28 22:00:00,4065.12,4080.78,4046.99,4066.68,356.9711,1753743599999,1450580.89113,316,207.38380000,842478.19917500,0
2025-07-28 23:00:00,4068.5,4079.49,4057.68,4075.26,500.0684,1753747199999,2034485.018272,442,376.23390000,1530580.69438900,0
2025-07-29 00:00:00,4075.26,4099.99,4026.9,4058.98,564.3673,1753750799999,2296475.034392,508,390.59210000,1589402.62571200,0
2025-07-29 01:00:00,4058.27,4078.89,4036.72,4036.72,450.4602,1753754399999,1828278.081248,386,201.25810000,817609.22941900,0
2025-07-29 02:00:00,4036.28,4049.27,4009.93,4034.15,777.1885,1753757999999,3133340.089888,695,476.40470000,1919993.35739500,0
2025-07-29 03:00:00,4034.15,4080.42,4034.15,4077.86,475.0331,1753761599999,1928681.874554,419,335.22590000,1360627.44093000,0
2025-07-29 04:00:00,4075.16,4080.81,4057.48,4059.6,299.1056,1753765199999,1217367.430846,244,167.69410000,682580.40835300,0
2025-07-29 05:00:00,4059.11,4089.13,4059.11,4088.77,319.8625,1753768799999,1303658.64361,265,255.01020000,1039299.44884900,0
2025-07-29 06:00:00,4089.31,4119.11,4086.35,4118.53,357.3735,1753772399999,1465482.292342,310,247.90000000,1016426.00727500,0
2025-07-29 07:00:00,4115.73,4166.26,4115.73,4165.04,467.6064,1753775999999,1934574.197792,425,355.28420000,1469689.23293600,0
2025-07-29 08:00:00,4165.25,4174.46,4148.13,4159.94,356.1007,1753779599999,1481880.191063,326,247.20200000,1028676.95671200,0
2025-07-29 09:00:00,4158.93,4168.28,4151.39,4161.26,239.572,1753783199999,996821.003749,215,152.10750000,632902.79995200,0
2025-07-29 10:00:00,4159.98,4160.32,4108.17,4109.68,415.2537,1753786799999,1716513.756717,363,185.33960000,766305.59068100,0
2025-07-29 11:00:00,4109.82,4122.68,4096.43,4103.04,348.1733,1753790399999,1430002.258454,310,198.64360000,815830.92719500,0
2025-07-29 12:00:00,4104.31,4139.52,4104.31,4137.2,425.4248,1753793999999,1754123.332626,392,316.66750000,1305211.24421700,0
2025-07-29 13:00:00,4138.45,4159.93,4114.21,4114.21,545.5769,1753797599999,2258178.430283,510,230.22070000,952841.93559700,0
2025-07-29 14:00:00,4114.62,4118.26,4051.85,4063.44,550.0275,1753801199999,2248947.343887,501,262.96230000,1074922.67942700,0
2025-07-29 15:00:00,4064.05,4064.24,4030.99,4040.88,583.8537,1753804799999,2362716.594448,520,287.71320000,1163954.67542900,0
2025-07-29 16:00:00,4041.27,4045.18,3996.59,4026.46,576.114,1753808399999,2319484.14218,516,306.50700000,1233748.31033700,0
2025-07-29 17:00:00,4025.67,4071.26,4025.67,4049.47,527.1066,1753811999999,2134336.549268,471,348.98180000,1412098.23516600,0
2025-07-29 18:00:00,4049.47,4056.66,4033.28,4050.03,564.8308,1753815599999,2285126.364946,497,341.64330000,1382195.08382700,0
2025-07-29 19:00:00,4050.03,4073.48,4037.15,4051.69,453.3584,1753819199999,1837310.422801,400,278.47050000,1128565.94088100,0
2025-07-29 20:00:00,4052.1,4061.69,4021.63,4039.07,588.6037,1753822799999,2376384.089242,523,313.14020000,1263957.48318300,0
2025-07-29 21:00:00,4039.07,4064.47,4035.56,4064.47,323.1753,1753826399999,1307342.67836,284,219.79290000,889317.45427000,0
2025-07-29 22:00:00,4065.91,4074.99,4041.04,4074.99,321.5857,1753829999999,1305327.624687,276,236.04270000,957834.05845200,0
2025-07-29 23:00:00,4075.82,4080.76,4064.19,4077.42,284.6422,1753833599999,1159357.776347,244,198.63230000,808860.09783300,0
2025-07-30 00:00:00,4077.42,4077.42,4036.97,4054.7,300.9666,1753837199999,1220131.448309,268,181.57280000,736184.47390700,0
2025-07-30 01:00:00,4054.7,4092.39,4044.13,4074.86,574.2081,1753840799999,2334024.976328,496,410.46640000,1668018.60032800,0
2025-07-30 02:00:00,4074.97,4102.66,4066.41,4093.53,402.5421,1753844399999,1644974.360065,357,239.98630000,980571.04352500,0
2025-07-30 03:00:00,4093.39,4108.74,4086.54,4099.05,297.9532,1753847999999,1221102.433736,272,195.13110000,799740.01863400,0
2025-07-30 04:00:00,4099.4,4109.94,4083.42,4089.3,328.4533,1753851599999,1344586.199991,291,177.07220000,724877.45500500,0
2025-07-30 05:00:00,4089.3,4095.44,4068.61,4092.18,375.6827,1753855199999,1534759.373447,325,245.17040000,1001541.22956500,0
2025-07-30 06:00:00,4093.11,4111.71,4093.11,4110.48,374.1845,1753858799999,1535565.009291,320,280.29170000,1150183.30840400,0
2025-07-30 07:00:00,4108.85,4116.85,4088.14,4091.96,435.5531,1753862399999,1786983.43771,372,248.84610000,1021077.80321600,0
2025-07-30 08:00:00,4092.07,4107.48,4081.69,4099.81,523.4546,1753865999999,2143939.336633,469,350.19050000,1434627.15118800,0
2025-07-30 09:00:00,4098.65,4103.17,4056.5,4063.47,518.6163,1753869599999,2114928.110526,454,249.01770000,1015224.53487000,0
2025-07-30 10:00:00,4063.47,4063.47,4063.4,4063.4,1.9999,1753873199999,8126.423529,3,0.00000000,0.00000000,0
2025-07-30 11:00:00,4063.4,4063.88,4061.47,4061.47,1.0496,1753876799999,4263.409842,4,0.02480000,100.78422400,0
2025-07-30 12:00:00,4061.47,4063.88,4061.46,4061.46,2.8521,1753880399999,11583.709691,1425,0.00260000,10.56608800,0
2025-07-30 13:00:00,4061.46,4061.46,4061.46,4061.46,0.0,1753883999999,0.0,0,0.00000000,0.00000000,0
2025-07-30 14:00:00,4061.46,4063.88,4061.1,4063.88,0.8684,1753887599999,3527.356592,669,0.17680000,718.49398400,0
2025-07-30 15:00:00,4063.88,4063.88,4063.88,4063.88,1.0998,1753891199999,4469.455224,846,1.09980000,4469.45522400,0
2025-07-30 16:00:00,4063.88,4063.9,4063.88,4063.9,1.1524,1753894799999,4683.225682,873,1.15240000,4683.22568200,0
2025-07-30 17:00:00,4063.9,4063.9,4063.9,4063.9,1.17,1753898399999,4754.763,900,1.17000000,4754.76300000,0
2025-07-30 18:00:00,4063.9,4065.29,4061.1,4061.1,1.1193,1753901999999,4548.632419,862,0.87880000,3571.93786900,0
2025-07-30 19:00:00,4061.1,4061.1,4061.1,4061.1,1.1705,1753905599999,4753.51755,900,0.00000000,0.00000000,0
2025-07-30 20:00:00,4061.1,4065.29,4061.08,4061.08,1.9814,1753909199999,8046.655555,740,0.00650000,26.42438500,0
2025-07-30 21:00:00,4061.08,4061.08,4061.03,4061.03,1.2321,1753912799999,5003.628783,901,0.00000000,0.00000000,0
2025-07-30 22:00:00,4061.03,4061.03,4061.03,4061.03,1.17,1753916399999,4751.4051,900,0.00000000,0.00000000,0
2025-07-30 23:00:00,4061.03,4065.29,4061.03,4065.29,0.8307,1753919999999,3376.499217,639,0.70460000,2864.40333400,0
2025-07-31 00:00:00,4065.29,4067.07,4065.29,4067.07,1.17,1753923599999,4756.674278,901,1.17000000,4756.67427800,0
2025-07-31 01:00:00,4067.07,4067.07,4067.07,4067.07,1.171,1753927199999,4762.53897,900,1.17100000,4762.53897000,0
2025-07-31 02:00:00,4067.07,4067.39,4067.07,4067.39,1.17,1753930799999,4758.632156,901,1.17000000,4758.63215600,0
2025-07-31 03:00:00,4067.39,4067.39,4067.39,4067.39,1.17,1753934399999,4758.8463,900,1.17000000,4758.84630000,0
2025-07-31 04:00:00,4067.39,4067.69,4067.39,4067.69,1.1706,1753937999999,4761.599604,901,1.17060000,4761.59960400,0
2025-07-31 05:00:00,4067.69,4067.82,4067.69,4067.82,1.17,1753941599999,4759.213797,901,1.17000000,4759.21379700,0
2025-07-31 06:00:00,4067.82,4067.82,4067.82,4067.82,1.17,1753945199999,4759.3494,900,1.17000000,4759.34940000,0
2025-07-31 07:00:00,4067.82,4068.22,4067.82,4068.22,1.7745,1753948799999,7218.79831,1366,1.77450000,7218.79831000,0
2025-07-31 08:00:00,4068.22,4069.09,4068.22,4069.09,4.6838,1753952399999,19056.397863,3602,4.68380000,19056.39786300,0
2025-07-31 09:00:00,4069.09,4070.86,4069.09,4070.86,4.681,1753955999999,19047.946134,3603,4.68100000,19047.94613400,0
2025-07-31 10:00:00,4070.86,4072.54,4060.61,4072.54,5.117,1753959599999,20823.897432,3170,4.11700000,16763.05970800,0
2025-07-31 11:00:00,4060.61,4060.61,4060.61,4060.61,1.0,1753963199999,4060.61,1,0.00000000,0.00000000,0
2025-07-31 12:00:00,4060.61,4060.61,4060.61,4060.61,0.0,1753966799999,0.0,0,0.00000000,0.00000000,0
2025-07-31 13:00:00,4060.61,4060.61,4060.61,4060.61,0.0,1753970399999,0.0,0,0.00000000,0.00000000,0
2025-07-31 14:00:00,4060.61,4060.61,4059.38,4059.38,4.9751,1753973999999,20198.531798,3829,0.00000000,0.00000000,0
2025-07-31 15:00:00,4059.38,4059.38,4059.26,4059.26,2.4453,1753977599999,9926.326722,1881,0.00000000,0.00000000,0
2025-07-31 16:00:00,4059.26,4059.26,4059.26,4059.26,0.0,1753981199999,0.0,0,0.00000000,0.00000000,0
2025-07-31 17:00:00,4073.8,4073.8,4058.5,4058.5,3.7496,1753984799999,15219.846043,1519,0.00000000,0.00000000,0
2025-07-31 18:00:00,4058.5,4058.5,4058.5,4058.5,0.3777,1753988399999,1532.89545,291,0.00000000,0.00000000,0
2025-07-31 19:00:00,4031.51,4038.37,4014.06,4014.96,0.1535,1753991999999,618.159533,119,0.00000000,0.00000000,0
2025-07-31 20:00:00,3998.01,3998.01,3996.62,3996.62,0.0117,1753995599999,46.768631,9,0.00000000,0.00000000,0
2025-07-31 21:00:00,4027.41,4029.74,4022.0,4022.0,0.0099,1753999199999,39.852444,8,0.00500000,20.14269400,0
2025-07-31 22:00:00,4022.0,4022.0,4022.0,4022.0,0.0,1754002799999,0.0,0,0.00000000,0.00000000,0
2025-07-31 23:00:00,3999.03,3999.03,3992.37,3992.37,0.026,1754006399999,103.885379,20,0.00000000,0.00000000,0
2025-08-01 00:00:00,3911.66,3920.1,3892.46,3918.04,0.4173,1754009999999,1630.49224,321,0.41730000,1630.49224000,0
2025-08-01 01:00:00,3918.04,3918.04,3918.04,3918.04,0.0,1754013599999,0.0,0,0.00000000,0.00000000,0
2025-08-01 02:00:00,3918.04,3918.04,3918.04,3918.04,0.0,1754017199999,0.0,0,0.00000000,0.00000000,0
2025-08-01 03:00:00,3918.04,3918.04,3918.04,3918.04,0.0,1754020799999,0.0,0,0.00000000,0.00000000,0
2025-08-01 04:00:00,3918.04,3918.04,3918.04,3918.04,0.0,1754024399999,0.0,0,0.00000000,0.00000000,0
2025-08-01 05:00:00,3918.04,3918.04,3918.04,3918.04,0.0,1754027999999,0.0,0,0.00000000,0.00000000,0
2025-08-01 06:00:00,3918.04,3918.04,3918.04,3918.04,0.0,1754031599999,0.0,0,0.00000000,0.00000000,0
2025-08-01 07:00:00,3908.81,3920.21,3897.05,3916.98,3.9237,1754035199999,15331.548546,2980,3.92370000,15331.54854600,0
2025-08-01 08:00:00,3911.23,3917.88,3852.83,3897.62,6.8163,1754038799999,26498.644266,5167,6.81390000,26489.39595300,0
2025-08-01 09:00:00,3897.62,3897.62,3897.62,3897.62,0.0,1754042399999,0.0,0,0.00000000,0.00000000,0
2025-08-01 10:00:00,3894.72,3901.45,3894.72,3901.45,0.026,1754045999999,101.337223,20,0.02600000,101.33722300,0
2025-08-01 11:00:00,3901.45,3901.45,3901.45,3901.45,0.0,1754049599999,0.0,0,0.00000000,0.00000000,0
2025-08-01 12:00:00,3901.45,3901.45,3901.45,3901.45,0.0,1754053199999,0.0,0,0.00000000,0.00000000,0
2025-08-01 13:00:00,3946.84,3947.23,3946.84,3947.23,0.25,1754056799999,986.736103,3,0.25000000,986.73610300,0
2025-08-01 14:00:00,3947.23,3947.23,3947.23,3947.23,0.0,1754060399999,0.0,0,0.00000000,0.00000000,0
2025-08-01 15:00:00,3947.23,3947.23,3947.23,3947.23,0.0,1754063999999,0.0,0,0.00000000,0.00000000,0
2025-08-01 16:00:00,3947.23,3947.23,3947.23,3947.23,0.0,1754067599999,0.0,0,0.00000000,0.00000000,0
2025-08-01 17:00:00,3848.31,3856.74,3846.19,3846.19,0.0103,1754071199999,39.659703,3,0.00000000,0.00000000,0
2025-08-01 18:00:00,3846.19,3846.19,3846.19,3846.19,0.0,1754074799999,0.0,0,0.00000000,0.00000000,0
2025-08-01 19:00:00,3846.19,3846.19,3846.19,3846.19,0.0,1754078399999,0.0,0,0.00000000,0.00000000,0
2025-08-01 20:00:00,3846.19,3846.19,3846.19,3846.19,0.0,1754081999999,0.0,0,0.00000000,0.00000000,0
2025-08-01 21:00:00,3846.19,3846.19,3846.19,3846.19,0.0,1754085599999,0.0,0,0.00000000,0.00000000,0
2025-08-01 22:00:00,3846.19,3846.19,3846.19,3846.19,0.0,1754089199999,0.0,0,0.00000000,0.00000000,0
2025-08-01 23:00:00,3846.19,3846.19,3846.19,3846.19,0.0,1754092799999,0.0,0,0.00000000,0.00000000,0
2025-08-02 00:00:00,3846.19,3846.19,3846.19,3846.19,0.0,1754096399999,0.0,0,0.00000000,0.00000000,0
2025-08-02 01:00:00,3846.19,3846.19,3846.19,3846.19,0.0,1754099999999,0.0,0,0.00000000,0.00000000,0
2025-08-02 02:00:00,3846.19,3846.19,3846.19,3846.19,0.0,1754103599999,0.0,0,0.00000000,0.00000000,0
2025-08-02 03:00:00,3791.47,3791.47,3789.41,3789.41,1.0,1754107199999,3790.008926,10,0.00000000,0.00000000,0
2025-08-02 04:00:00,3789.41,3789.41,3789.41,3789.41,0.0,1754110799999,0.0,0,0.00000000,0.00000000,0
2025-08-02 05:00:00,3789.41,3789.41,3789.41,3789.41,0.0,1754114399999,0.0,0,0.00000000,0.00000000,0
2025-08-02 06:00:00,3789.41,3789.41,3789.41,3789.41,0.0,1754117999999,0.0,0,0.00000000,0.00000000,0
2025-08-02 07:00:00,3758.97,3758.97,3758.97,3758.97,0.0015,1754121599999,5.638455,1,0.00000000,0.00000000,0
2025-08-02 08:00:00,3758.97,3758.97,3758.97,3758.97,0.0,1754125199999,0.0,0,0.00000000,0.00000000,0
2025-08-02 09:00:00,3758.97,3758.97,3758.97,3758.97,0.0,1754128799999,0.0,0,0.00000000,0.00000000,0
2025-08-02 10:00:00,3745.94,3745.94,3744.2,3744.2,1.0,1754132399999,3744.411754,5,0.00000000,0.00000000,0
2025-08-02 11:00:00,3744.2,3744.2,3744.2,3744.2,0.0,1754135999999,0.0,0,0.00000000,0.00000000,0
2025-08-02 12:00:00,3744.2,3744.2,3744.2,3744.2,0.0,1754139599999,0.0,0,0.00000000,0.00000000,0
2025-08-02 13:00:00,3744.2,3744.2,3744.2,3744.2,0.0,1754143199999,0.0,0,0.00000000,0.00000000,0
2025-08-02 14:00:00,3772.31,3772.31,3732.44,3732.44,1.0053,1754146799999,3791.351962,6,0.00000000,0.00000000,0
2025-08-02 15:00:00,3732.44,3732.44,3732.44,3732.44,0.0,1754150399999,0.0,0,0.00000000,0.00000000,0
2025-08-02 16:00:00,3732.44,3732.44,3732.44,3732.44,0.0,1754153999999,0.0,0,0.00000000,0.00000000,0
2025-08-02 17:00:00,3732.44,3732.44,3732.44,3732.44,0.0,1754157599999,0.0,0,0.00000000,0.00000000,0
2025-08-02 18:00:00,3732.44,3732.44,3732.44,3732.44,0.0,1754161199999,0.0,0,0.00000000,0.00000000,0
2025-08-02 19:00:00,3637.55,3637.55,3636.52,3636.52,0.25,1754164799999,909.234058,5,0.00000000,0.00000000,0
2025-08-02 20:00:00,3652.72,3652.72,3652.72,3652.72,0.026,1754168399999,94.97072,1,0.00000000,0.00000000,0
2025-08-02 21:00:00,3652.72,3652.72,3652.72,3652.72,0.0,1754171999999,0.0,0,0.00000000,0.00000000,0
2025-08-02 22:00:00,3657.81,3657.81,3655.44,3655.44,1.0,1754175599999,3655.857533,6,0.00000000,0.00000000,0
2025-08-02 23:00:00,3655.44,3655.44,3655.44,3655.44,0.0,1754179199999,0.0,0,0.00000000,0.00000000,0
2025-08-03 00:00:00,3655.44,3655.44,3655.44,3655.44,0.0,1754182799999,0.0,0,0.00000000,0.00000000,0
2025-08-03 01:00:00,3655.44,3655.44,3655.44,3655.44,0.0,1754186399999,0.0,0,0.00000000,0.00000000,0
2025-08-03 02:00:00,3655.44,3655.44,3655.44,3655.44,0.0,1754189999999,0.0,0,0.00000000,0.00000000,0
2025-08-03 03:00:00,3655.44,3655.44,3655.44,3655.44,0.0,1754193599999,0.0,0,0.00000000,0.00000000,0
2025-08-03 04:00:00,3655.44,3655.44,3655.44,3655.44,0.0,1754197199999,0.0,0,0.00000000,0.00000000,0
2025-08-03 05:00:00,3655.44,3655.44,3655.44,3655.44,0.0,1754200799999,0.0,0,0.00000000,0.00000000,0
2025-08-03 06:00:00,3700.06,3700.06,3699.22,3699.22,1.0,1754204399999,3699.230142,8,0.00000000,0.00000000,0
2025-08-03 07:00:00,3699.22,3699.22,3699.22,3699.22,0.0,1754207999999,0.0,0,0.00000000,0.00000000,0
2025-08-03 08:00:00,3721.64,3722.37,3714.51,3714.69,11.2453,1754211599999,41776.672678,61,0.06710000,249.76502600,0
2025-08-03 09:00:00,3714.69,3714.69,3714.69,3714.69,0.0,1754215199999,0.0,0,0.00000000,0.00000000,0
2025-08-03 10:00:00,3714.69,3714.69,3714.69,3714.69,0.0,1754218799999,0.0,0,0.00000000,0.00000000,0
2025-08-03 11:00:00,3714.69,3714.69,3714.69,3714.69,0.0,1754222399999,0.0,0,0.00000000,0.00000000,0
2025-08-03 12:00:00,3749.02,3749.02,3747.51,3747.51,0.863,1754225999999,3234.784914,20,0.00000000,0.00000000,0
2025-08-03 13:00:00,3747.51,3747.51,3747.51,3747.51,0.0,1754229599999,0.0,0,0.00000000,0.00000000,0
2025-08-03 14:00:00,3747.51,3747.51,3747.51,3747.51,0.0,1754233199999,0.0,0,0.00000000,0.00000000,0
2025-08-03 15:00:00,3747.51,3747.51,3747.51,3747.51,0.0,1754236799999,0.0,0,0.00000000,0.00000000,0
2025-08-03 16:00:00,3741.24,3741.24,3740.35,3740.35,1.0,1754240399999,3740.539732,9,0.00000000,0.00000000,0
2025-08-03 17:00:00,3740.35,3740.35,3740.35,3740.35,0.0,1754243999999,0.0,0,0.00000000,0.00000000,0
2025-08-03 18:00:00,3740.35,3740.35,3740.35,3740.35,0.0,1754247599999,0.0,0,0.00000000,0.00000000,0
2025-08-03 19:00:00,3758.0,3758.0,3757.46,3757.46,1.0,1754251199999,3757.507043,4,0.00000000,0.00000000,0
2025-08-03 20:00:00,3757.46,3757.46,3757.46,3757.46,0.0,1754254799999,0.0,0,0.00000000,0.00000000,0
2025-08-03 21:00:00,3757.46,3757.46,3757.46,3757.46,0.0,1754258399999,0.0,0,0.00000000,0.00000000,0
2025-08-03 22:00:00,3757.46,3757.46,3757.46,3757.46,0.0,1754261999999,0.0,0,0.00000000,0.00000000,0
2025-08-03 23:00:00,3757.46,3757.46,3757.46,3757.46,0.0,1754265599999,0.0,0,0.00000000,0.00000000,0
2025-08-04 00:00:00,3757.46,3757.46,3757.46,3757.46,0.0,1754269199999,0.0,0,0.00000000,0.00000000,0
2025-08-04 01:00:00,3757.46,3757.46,3757.46,3757.46,0.0,1754272799999,0.0,0,0.00000000,0.00000000,0
2025-08-04 02:00:00,3757.46,3757.46,3757.46,3757.46,0.0,1754276399999,0.0,0,0.00000000,0.00000000,0
2025-08-04 03:00:00,3757.46,3757.46,3757.46,3757.46,0.0,1754279999999,0.0,0,0.00000000,0.00000000,0
2025-08-04 04:00:00,3757.46,3757.46,3757.46,3757.46,0.0,1754283599999,0.0,0,0.00000000,0.00000000,0
2025-08-04 05:00:00,3757.46,3757.46,3757.46,3757.46,0.0,1754287199999,0.0,0,0.00000000,0.00000000,0
2025-08-04 06:00:00,3757.46,3757.46,3757.46,3757.46,0.0,1754290799999,0.0,0,0.00000000,0.00000000,0
2025-08-04 07:00:00,3757.46,3757.46,3757.46,3757.46,0.0,1754294399999,0.0,0,0.00000000,0.00000000,0
2025-08-04 08:00:00,3757.46,3757.46,3757.46,3757.46,0.0,1754297999999,0.0,0,0.00000000,0.00000000,0
2025-08-04 09:00:00,3757.46,3757.46,3757.46,3757.46,0.0,1754301599999,0.0,0,0.00000000,0.00000000,0
2025-08-04 10:00:00,3757.46,3757.46,3757.46,3757.46,0.0,1754305199999,0.0,0,0.00000000,0.00000000,0
2025-08-04 11:00:00,3757.46,3757.46,3757.46,3757.46,0.0,1754308799999,0.0,0,0.00000000,0.00000000,0
2025-08-04 12:00:00,3822.09,3822.09,3821.54,3821.54,0.2578,1754312399999,985.264559,7,0.00000000,0.00000000,0
2025-08-04 13:00:00,3821.54,3821.54,3821.54,3821.54,0.0,1754315999999,0.0,0,0.00000000,0.00000000,0
2025-08-04 14:00:00,3821.54,3821.54,3821.54,3821.54,0.0,1754319599999,0.0,0,0.00000000,0.00000000,0
2025-08-04 15:00:00,3917.28,3922.14,3910.74,3919.44,0.051,1754323199999,199.772596,17,0.00000000,0.00000000,0
2025-08-04 16:00:00,3926.42,3965.65,3926.42,3965.65,0.0401,1754326799999,158.227967,9,0.00000000,0.00000000,0
2025-08-04 17:00:00,3962.28,3991.21,3962.28,3989.15,0.02,1754330399999,79.5412,4,0.00000000,0.00000000,0
2025-08-04 18:00:00,3955.16,3955.16,3955.16,3955.16,0.137,1754333999999,541.85692,1,0.00000000,0.00000000,0
2025-08-04 19:00:00,3955.16,3955.16,3955.16,3955.16,0.0,1754337599999,0.0,0,0.00000000,0.00000000,0
2025-08-04 20:00:00,3952.64,3958.63,3952.64,3956.16,0.0099,1754341199999,39.164892,5,0.00490000,19.38231200,0
2025-08-04 21:00:00,3956.16,3956.16,3956.16,3956.16,0.0,1754344799999,0.0,0,0.00000000,0.00000000,0
2025-08-04 22:00:00,3956.16,3956.16,3956.16,3956.16,0.0,1754348399999,0.0,0,0.00000000,0.00000000,0
2025-08-04 23:00:00,3999.84,3999.84,3992.72,3992.72,2.0,1754351999999,7992.378785,5,0.00000000,0.00000000,0
2025-08-05 00:00:00,3981.98,3981.98,3981.67,3981.67,1.0,1754355599999,3981.928106,5,0.00000000,0.00000000,0
2025-08-05 01:00:00,3981.67,3981.67,3981.67,3981.67,0.0,1754359199999,0.0,0,0.00000000,0.00000000,0
2025-08-05 02:00:00,3981.67,3981.67,3981.67,3981.67,0.0,1754362799999,0.0,0,0.00000000,0.00000000,0
2025-08-05 03:00:00,3981.67,3981.67,3981.67,3981.67,0.0,1754366399999,0.0,0,0.00000000,0.00000000,0
2025-08-05 04:00:00,3920.84,3921.74,3918.63,3918.63,0.2314,1754369999999,907.075549,3,0.11570000,453.69005800,0
2025-08-05 05:00:00,3920.69,3931.82,3920.69,3931.82,0.4249,1754373599999,1669.074122,11,0.29740000,1167.76707200,0
2025-08-05 06:00:00,3946.89,3947.4,3925.63,3925.63,0.2915,1754377199999,1147.081958,9,0.12660000,499.72566000,0
2025-08-05 07:00:00,3920.86,3920.86,3905.93,3905.93,0.0075,1754380799999,29.3318,2,0.00250000,9.80215000,0
2025-08-05 08:00:00,3886.31,3905.97,3886.19,3905.97,0.2546,1754384399999,991.95219,10,0.12800000,499.95276400,0
2025-08-05 09:00:00,3905.97,3905.97,3905.97,3905.97,0.0,1754387999999,0.0,0,0.00000000,0.00000000,0
2025-08-05 10:00:00,3941.09,3941.09,3940.96,3940.96,0.128,1754391599999,504.453527,2,0.00000000,0.00000000,0
2025-08-05 11:00:00,3940.96,3940.96,3940.96,3940.96,0.0,1754395199999,0.0,0,0.00000000,0.00000000,0
2025-08-05 12:00:00,3940.96,3940.96,3940.96,3940.96,0.0,1754398799999,0.0,0,0.00000000,0.00000000,0
2025-08-05 13:00:00,3940.96,3940.96,3940.96,3940.96,0.0,1754402399999,0.0,0,0.00000000,0.00000000,0
2025-08-05 14:00:00,3840.68,3840.68,3839.91,3839.91,1.0,1754405999999,3840.236311,6,0.00000000,0.00000000,0
2025-08-05 15:00:00,3839.91,3839.91,3839.91,3839.91,0.0,1754409599999,0.0,0,0.00000000,0.00000000,0
2025-08-05 16:00:00,3840.77,3840.77,3839.07,3839.07,0.99,1754413199999,3801.222677,17,0.00000000,0.00000000,0
2025-08-05 17:00:00,3839.07,3839.07,3839.07,3839.07,0.0,1754416799999,0.0,0,0.00000000,0.00000000,0
2025-08-05 18:00:00,3839.07,3839.07,3839.07,3839.07,0.0,1754420399999,0.0,0,0.00000000,0.00000000,0
2025-08-05 19:00:00,3839.07,3839.07,3839.07,3839.07,0.0,1754423999999,0.0,0,0.00000000,0.00000000,0
2025-08-05 20:00:00,3839.07,3839.07,3839.07,3839.07,0.0,1754427599999,0.0,0,0.00000000,0.00000000,0
2025-08-05 21:00:00,3839.07,3839.07,3839.07,3839.07,0.0,1754431199999,0.0,0,0.00000000,0.00000000,0
2025-08-05 22:00:00,3839.07,3839.07,3839.07,3839.07,0.0,1754434799999,0.0,0,0.00000000,0.00000000,0
2025-08-05 23:00:00,3878.91,3885.22,3878.43,3885.06,2.0,1754438399999,7763.572789,6,0.00000000,0.00000000,0
2025-08-06 00:00:00,3885.06,3885.06,3885.06,3885.06,0.0,1754441999999,0.0,0,0.00000000,0.00000000,0
2025-08-06 01:00:00,3885.06,3885.06,3885.06,3885.06,0.0,1754445599999,0.0,0,0.00000000,0.00000000,0
2025-08-06 02:00:00,3856.66,3856.66,3856.1,3856.1,0.3842,1754449199999,1481.609478,10,0.00000000,0.00000000,0
2025-08-06 03:00:00,3856.1,3856.1,3856.1,3856.1,0.0,1754452799999,0.0,0,0.00000000,0.00000000,0
2025-08-06 04:00:00,3856.1,3856.1,3856.1,3856.1,0.0,1754456399999,0.0,0,0.00000000,0.00000000,0
2025-08-06 05:00:00,3900.56,3920.53,3899.96,3919.83,2.0475,1754459999999,8010.674157,15,0.00000000,0.00000000,0
2025-08-06 06:00:00,3919.83,3919.83,3919.83,3919.83,0.0,1754463599999,0.0,0,0.00000000,0.00000000,0
2025-08-06 07:00:00,3907.23,3907.23,3906.69,3906.69,1.0,1754467199999,3906.758572,4,0.00000000,0.00000000,0
2025-08-06 08:00:00,3900.48,3900.48,3894.48,3894.48,0.0862,1754470799999,335.962776,2,0.04310000,168.11068800,0
2025-08-06 09:00:00,3894.48,3894.48,3894.48,3894.48,0.0,1754474399999,0.0,0,0.00000000,0.00000000,0
2025-08-06 10:00:00,3894.48,3894.48,3894.48,3894.48,0.0,1754477999999,0.0,0,0.00000000,0.00000000,0
2025-08-06 11:00:00,3894.48,3894.48,3894.48,3894.48,0.0,1754481599999,0.0,0,0.00000000,0.00000000,0
2025-08-06 12:00:00,3894.48,3894.48,3894.48,3894.48,0.0,1754485199999,0.0,0,0.00000000,0.00000000,0
2025-08-06 13:00:00,3894.48,3894.48,3894.48,3894.48,0.0,1754488799999,0.0,0,0.00000000,0.00000000,0
2025-08-06 14:00:00,3894.48,3894.48,3894.48,3894.48,0.0,1754492399999,0.0,0,0.00000000,0.00000000,0
2025-08-06 15:00:00,3894.48,3894.48,3894.48,3894.48,0.0,1754495999999,0.0,0,0.00000000,0.00000000,0
2025-08-06 16:00:00,3894.48,3894.48,3894.48,3894.48,0.0,1754499599999,0.0,0,0.00000000,0.00000000,0
2025-08-06 17:00:00,3894.48,3894.48,3894.48,3894.48,0.0,1754503199999,0.0,0,0.00000000,0.00000000,0
2025-08-06 18:00:00,3894.48,3894.48,3894.48,3894.48,0.0,1754506799999,0.0,0,0.00000000,0.00000000,0
2025-08-06 19:00:00,3950.36,3950.36,3855.54,3855.54,1.0,1754510399999,3903.32017,19,0.49330000,1901.93788200,0
2025-08-06 20:00:00,3952.46,3952.46,3947.25,3947.25,0.1286,1754513999999,507.951353,2,0.06430000,254.14317800,0
2025-08-06 21:00:00,3942.78,3942.78,3940.96,3940.96,0.433,1754517599999,1707.027819,10,0.00000000,0.00000000,0
2025-08-06 22:00:00,3940.96,3940.96,3940.96,3940.96,0.0,1754521199999,0.0,0,0.00000000,0.00000000,0
2025-08-06 23:00:00,3955.58,3955.58,3954.67,3954.67,0.5756,1754524799999,2276.534326,10,0.00000000,0.00000000,0
2025-08-07 00:00:00,3954.67,3954.67,3954.67,3954.67,0.0,1754528399999,0.0,0,0.00000000,0.00000000,0
2025-08-07 01:00:00,3954.67,3954.67,3954.67,3954.67,0.0,1754531999999,0.0,0,0.00000000,0.00000000,0
2025-08-07 02:00:00,3954.67,3954.67,3954.67,3954.67,0.0,1754535599999,0.0,0,0.00000000,0.00000000,0
2025-08-07 03:00:00,3954.67,3954.67,3954.67,3954.67,0.0,1754539199999,0.0,0,0.00000000,0.00000000,0
2025-08-07 04:00:00,3954.67,3954.67,3954.67,3954.67,0.0,1754542799999,0.0,0,0.00000000,0.00000000,0
2025-08-07 05:00:00,3954.67,3954.67,3954.67,3954.67,0.0,1754546399999,0.0,0,0.00000000,0.00000000,0
2025-08-07 06:00:00,3954.67,3954.67,3954.67,3954.67,0.0,1754549999999,0.0,0,0.00000000,0.00000000,0
2025-08-07 07:00:00,3954.67,3954.67,3954.67,3954.67,0.0,1754553599999,0.0,0,0.00000000,0.00000000,0
2025-08-07 08:00:00,3996.66,3996.66,3995.77,3995.77,0.5647,1754557199999,2256.621766,10,0.00000000,0.00000000,0
2025-08-07 09:00:00,3995.77,3995.77,3995.77,3995.77,0.0,1754560799999,0.0,0,0.00000000,0.00000000,0
2025-08-07 10:00:00,4074.84,4074.84,4074.84,4074.84,0.1265,1754564399999,515.46726,1,0.00000000,0.00000000,0
2025-08-07 11:00:00,4074.84,4074.84,4074.84,4074.84,0.0,1754567999999,0.0,0,0.00000000,0.00000000,0
2025-08-07 12:00:00,4074.84,4074.84,4074.84,4074.84,0.0,1754571599999,0.0,0,0.00000000,0.00000000,0
2025-08-07 13:00:00,4074.84,4074.84,4074.84,4074.84,0.0,1754575199999,0.0,0,0.00000000,0.00000000,0
2025-08-07 14:00:00,4074.84,4074.84,4074.84,4074.84,0.0,1754578799999,0.0,0,0.00000000,0.00000000,0
2025-08-07 15:00:00,4074.84,4074.84,4074.84,4074.84,0.0,1754582399999,0.0,0,0.00000000,0.00000000,0
2025-08-07 16:00:00,4074.84,4074.84,4074.84,4074.84,0.0,1754585999999,0.0,0,0.00000000,0.00000000,0
2025-08-07 17:00:00,4111.29,4111.29,4108.01,4108.01,1.0,1754589599999,4110.077325,10,0.00000000,0.00000000,0
2025-08-07 18:00:00,4108.01,4108.01,4108.01,4108.01,0.0,1754593199999,0.0,0,0.00000000,0.00000000,0
2025-08-07 19:00:00,4108.01,4108.01,4108.01,4108.01,0.0,1754596799999,0.0,0,0.00000000,0.00000000,0
2025-08-07 20:00:00,4108.01,4108.01,4108.01,4108.01,0.0,1754600399999,0.0,0,0.00000000,0.00000000,0
2025-08-07 21:00:00,4108.01,4108.01,4108.01,4108.01,0.0,1754603999999,0.0,0,0.00000000,0.00000000,0
2025-08-07 22:00:00,4108.01,4108.01,4108.01,4108.01,0.0,1754607599999,0.0,0,0.00000000,0.00000000,0
2025-08-07 23:00:00,4187.76,4187.76,4183.66,4183.66,1.0,1754611199999,4186.180846,10,0.00000000,0.00000000,0
2025-08-08 00:00:00,4183.66,4183.66,4183.66,4183.66,0.0,1754614799999,0.0,0,0.00000000,0.00000000,0
2025-08-08 01:00:00,4183.66,4183.66,4183.66,4183.66,0.0,1754618399999,0.0,0,0.00000000,0.00000000,0
2025-08-08 02:00:00,4183.66,4183.66,4183.66,4183.66,0.0,1754621999999,0.0,0,0.00000000,0.00000000,0
2025-08-08 03:00:00,4219.55,4219.55,4216.2,4216.2,0.927,1754625599999,3909.417474,10,0.00000000,0.00000000,0
2025-08-08 04:00:00,4216.2,4216.2,4216.2,4216.2,0.0,1754629199999,0.0,0,0.00000000,0.00000000,0
2025-08-08 05:00:00,4216.2,4216.2,4216.2,4216.2,0.0,1754632799999,0.0,0,0.00000000,0.00000000,0
2025-08-08 06:00:00,4195.27,4204.65,4195.27,4204.65,0.1402,1754636399999,588.740662,3,0.03360000,141.20971200,0
2025-08-08 07:00:00,4204.65,4204.65,4204.65,4204.65,0.0,1754639999999,0.0,0,0.00000000,0.00000000,0
2025-08-08 08:00:00,4214.33,4214.33,4211.67,4211.67,0.8742,1754643599999,3683.562606,10,0.00000000,0.00000000,0
2025-08-08 09:00:00,4211.67,4211.67,4211.67,4211.67,0.0,1754647199999,0.0,0,0.00000000,0.00000000,0
2025-08-08 10:00:00,4211.67,4211.67,4211.67,4211.67,0.0,1754650799999,0.0,0,0.00000000,0.00000000,0
2025-08-08 11:00:00,4205.4,4213.32,4201.53,4213.32,1.031,1754654399999,4335.017002,8,0.03100000,130.61292000,0
2025-08-08 12:00:00,4212.6,4212.6,4184.06,4184.06,0.1496,1754657999999,627.82468,5,0.05930000,248.79090600,0
2025-08-08 13:00:00,4263.67,4285.16,4263.67,4285.16,0.0093,1754661599999,39.750985,2,0.00470000,20.03924900,0
2025-08-08 14:00:00,4285.16,4285.16,4285.16,4285.16,0.0,1754665199999,0.0,0,0.00000000,0.00000000,0
2025-08-08 15:00:00,4285.16,4285.16,4285.16,4285.16,0.0,1754668799999,0.0,0,0.00000000,0.00000000,0
2025-08-08 16:00:00,4285.16,4285.16,4285.16,4285.16,0.0,1754672399999,0.0,0,0.00000000,0.00000000,0
2025-08-08 17:00:00,4285.16,4285.16,4285.16,4285.16,0.0,1754675999999,0.0,0,0.00000000,0.00000000,0
2025-08-08 18:00:00,4285.16,4285.16,4285.16,4285.16,0.0,1754679599999,0.0,0,0.00000000,0.00000000,0
2025-08-08 19:00:00,4285.16,4285.16,4285.16,4285.16,0.0,1754683199999,0.0,0,0.00000000,0.00000000,0
2025-08-08 20:00:00,4362.6,4362.6,4356.43,4356.43,1.0,1754686799999,4361.402627,8,0.00000000,0.00000000,0
2025-08-08 21:00:00,4356.43,4356.43,4356.43,4356.43,0.0,1754690399999,0.0,0,0.00000000,0.00000000,0
2025-08-08 22:00:00,4356.43,4356.43,4356.43,4356.43,0.0,1754693999999,0.0,0,0.00000000,0.00000000,0
2025-08-08 23:00:00,4356.43,4356.43,4356.43,4356.43,0.0,1754697599999,0.0,0,0.00000000,0.00000000,0
2025-08-09 00:00:00,4308.63,4308.63,4307.94,4307.94,1.0,1754701199999,4308.422794,6,0.00000000,0.00000000,0
2025-08-09 01:00:00,4307.94,4307.94,4307.94,4307.94,0.0,1754704799999,0.0,0,0.00000000,0.00000000,0
2025-08-09 02:00:00,4307.94,4307.94,4307.94,4307.94,0.0,1754708399999,0.0,0,0.00000000,0.00000000,0
2025-08-09 03:00:00,4307.94,4307.94,4307.94,4307.94,0.0,1754711999999,0.0,0,0.00000000,0.00000000,0
2025-08-09 04:00:00,4381.66,4385.41,4381.66,4385.41,0.0136,1754715599999,59.624326,3,0.00460000,20.15563600,0
2025-08-09 05:00:00,4480.32,4480.32,4480.32,4480.32,0.0053,1754719199999,23.745696,2,0.00530000,23.74569600,0
2025-08-09 06:00:00,4477.47,4477.47,4454.98,4454.98,1.0053,1754722799999,4483.461748,9,0.00000000,0.00000000,0
2025-08-09 07:00:00,4454.98,4454.98,4454.98,4454.98,0.0,1754726399999,0.0,0,0.00000000,0.00000000,0
2025-08-09 08:00:00,4454.98,4454.98,4454.98,4454.98,0.0,1754729999999,0.0,0,0.00000000,0.00000000,0
2025-08-09 09:00:00,4454.98,4454.98,4454.98,4454.98,0.0,1754733599999,0.0,0,0.00000000,0.00000000,0
2025-08-09 10:00:00,4548.81,4548.81,4543.38,4543.38,0.0108,1754737199999,49.097826,2,0.00540000,24.56357400,0
2025-08-09 11:00:00,4512.95,4512.95,4509.82,4509.82,1.0,1754740799999,4511.265818,12,0.00000000,0.00000000,0
2025-08-09 12:00:00,4497.03,4497.03,4495.24,4495.24,0.7996,1754744399999,3595.051008,10,0.00000000,0.00000000,0
2025-08-09 13:00:00,4494.75,4494.75,4494.75,4494.75,0.0556,1754747999999,249.9081,1,0.05560000,249.90810000,0
2025-08-09 14:00:00,4494.75,4494.75,4494.75,4494.75,0.0,1754751599999,0.0,0,0.00000000,0.00000000,0
2025-08-09 15:00:00,4494.75,4494.75,4494.75,4494.75,0.0,1754755199999,0.0,0,0.00000000,0.00000000,0
2025-08-09 16:00:00,4494.75,4494.75,4494.75,4494.75,0.0,1754758799999,0.0,0,0.00000000,0.00000000,0
2025-08-09 17:00:00,4546.46,4546.46,4546.46,4546.46,0.0556,1754762399999,252.783176,1,0.05560000,252.78317600,0
2025-08-09 18:00:00,4546.46,4546.46,4546.46,4546.46,0.0,1754765999999,0.0,0,0.00000000,0.00000000,0
2025-08-09 19:00:00,4565.74,4577.76,4564.11,4577.17,2.0,1754769599999,9134.490704,21,0.00000000,0.00000000,0
2025-08-09 20:00:00,4576.93,4598.82,4576.93,4595.98,1.0546,1754773199999,4847.529041,11,0.05460000,249.90037800,0
2025-08-09 21:00:00,4611.46,4611.46,4595.54,4595.54,1.3574,1754776799999,6253.396013,22,0.00000000,0.00000000,0
2025-08-09 22:00:00,4629.05,4629.05,4629.05,4629.05,0.0546,1754780399999,252.74613,1,0.05460000,252.74613000,0
2025-08-09 23:00:00,4629.05,4629.05,4629.05,4629.05,0.0,1754783999999,0.0,0,0.00000000,0.00000000,0
2025-08-10 00:00:00,4629.05,4629.05,4629.05,4629.05,0.0,1754787599999,0.0,0,0.00000000,0.00000000,0
2025-08-10 01:00:00,4626.48,4626.48,4625.19,4625.19,1.0,1754791199999,4625.44596,3,0.00000000,0.00000000,0
2025-08-10 02:00:00,4604.22,4604.22,4587.1,4591.78,1.0086,1754794799999,4643.622144,4,0.00860000,39.46918400,0
2025-08-10 03:00:00,4591.78,4591.78,4591.78,4591.78,0.0,1754798399999,0.0,0,0.00000000,0.00000000,0
2025-08-10 04:00:00,4591.78,4591.78,4591.78,4591.78,0.0,1754801999999,0.0,0,0.00000000,0.00000000,0
2025-08-10 05:00:00,4591.78,4591.78,4591.78,4591.78,0.0,1754805599999,0.0,0,0.00000000,0.00000000,0
2025-08-10 06:00:00,4591.78,4591.78,4591.78,4591.78,0.0,1754809199999,0.0,0,0.00000000,0.00000000,0
2025-08-10 07:00:00,4591.78,4591.78,4591.78,4591.78,0.0,1754812799999,0.0,0,0.00000000,0.00000000,0
2025-08-10 08:00:00,4591.78,4591.78,4591.78,4591.78,0.0,1754816399999,0.0,0,0.00000000,0.00000000,0
2025-08-10 09:00:00,4533.24,4533.24,4531.77,4531.77,1.0,1754819999999,4532.330588,7,0.00000000,0.00000000,0
2025-08-10 10:00:00,4531.77,4531.77,4531.77,4531.77,0.0,1754823599999,0.0,0,0.00000000,0.00000000,0
2025-08-10 11:00:00,4531.77,4531.77,4531.77,4531.77,0.0,1754827199999,0.0,0,0.00000000,0.00000000,0
2025-08-10 12:00:00,4531.77,4531.77,4531.77,4531.77,0.0,1754830799999,0.0,0,0.00000000,0.00000000,0
2025-08-10 13:00:00,4531.77,4531.77,4531.77,4531.77,0.0,1754834399999,0.0,0,0.00000000,0.00000000,0
2025-08-10 14:00:00,4496.87,4519.02,4495.21,4517.77,2.0024,1754837999999,9026.792398,18,0.00000000,0.00000000,0
2025-08-10 15:00:00,4517.77,4517.77,4517.77,4517.77,0.0,1754841599999,0.0,0,0.00000000,0.00000000,0
2025-08-10 16:00:00,4517.77,4517.77,4517.77,4517.77,0.0,1754845199999,0.0,0,0.00000000,0.00000000,0
2025-08-10 17:00:00,4550.45,4550.45,4548.16,4550.24,0.0129,1754848799999,58.690055,3,0.00430000,19.56693500,0
2025-08-10 18:00:00,4550.24,4550.24,4550.24,4550.24,0.0,1754852399999,0.0,0,0.00000000,0.00000000,0
2025-08-10 19:00:00,4574.94,4574.94,4574.94,4574.94,0.0043,1754855999999,19.672242,1,0.00430000,19.67224200,0
2025-08-10 20:00:00,4574.94,4574.94,4574.94,4574.94,0.0,1754859599999,0.0,0,0.00000000,0.00000000,0
2025-08-10 21:00:00,4574.94,4574.94,4574.94,4574.94,0.0,1754863199999,0.0,0,0.00000000,0.00000000,0
2025-08-10 22:00:00,4547.89,4547.89,4545.99,4545.99,1.0,1754866799999,4546.74795,11,0.00000000,0.00000000,0
2025-08-10 23:00:00,4545.99,4545.99,4545.99,4545.99,0.0,1754870399999,0.0,0,0.00000000,0.00000000,0
2025-08-11 00:00:00,4590.93,4590.93,4589.81,4589.81,1.0,1754873999999,4590.502908,6,0.00000000,0.00000000,0
2025-08-11 01:00:00,4589.81,4589.81,4589.81,4589.81,0.0,1754877599999,0.0,0,0.00000000,0.00000000,0
2025-08-11 02:00:00,4589.81,4589.81,4589.81,4589.81,0.0,1754881199999,0.0,0,0.00000000,0.00000000,0
2025-08-11 03:00:00,4589.81,4589.81,4589.81,4589.81,0.0,1754884799999,0.0,0,0.00000000,0.00000000,0
2025-08-11 04:00:00,4589.81,4589.81,4589.81,4589.81,0.0,1754888399999,0.0,0,0.00000000,0.00000000,0
2025-08-11 05:00:00,4627.2,4627.2,4627.1,4627.1,1.0,1754891999999,4627.12223,2,0.00000000,0.00000000,0
2025-08-11 06:00:00,4627.1,4627.1,4627.1,4627.1,0.0,1754895599999,0.0,0,0.00000000,0.00000000,0
2025-08-11 07:00:00,4627.1,4627.1,4627.1,4627.1,0.0,1754899199999,0.0,0,0.00000000,0.00000000,0
2025-08-11 08:00:00,4627.1,4627.1,4627.1,4627.1,0.0,1754902799999,0.0,0,0.00000000,0.00000000,0
2025-08-11 09:00:00,4627.1,4627.1,4627.1,4627.1,0.0,1754906399999,0.0,0,0.00000000,0.00000000,0
2025-08-11 10:00:00,4627.1,4627.1,4627.1,4627.1,0.0,1754909999999,0.0,0,0.00000000,0.00000000,0
2025-08-11 11:00:00,4627.1,4627.1,4627.1,4627.1,0.0,1754913599999,0.0,0,0.00000000,0.00000000,0
2025-08-11 12:00:00,4627.1,4627.1,4627.1,4627.1,0.0,1754917199999,0.0,0,0.00000000,0.00000000,0
2025-08-11 13:00:00,4627.1,4627.1,4627.1,4627.1,0.0,1754920799999,0.0,0,0.00000000,0.00000000,0
2025-08-11 14:00:00,4627.1,4627.1,4627.1,4627.1,0.0,1754924399999,0.0,0,0.00000000,0.00000000,0
2025-08-11 15:00:00,4636.48,4644.0,4631.14,4637.79,2.3523,1754927999999,10913.828483,16,1.28400000,5959.82646800,0
2025-08-11 16:00:00,4637.79,4637.79,4637.79,4637.79,0.0,1754931599999,0.0,0,0.00000000,0.00000000,0
2025-08-11 17:00:00,4623.68,4623.68,4623.22,4623.22,0.2156,1754935199999,996.836896,3,0.00000000,0.00000000,0
2025-08-11 18:00:00,4615.26,4616.07,4615.26,4616.07,0.2166,1754938799999,999.693832,3,0.21660000,999.69383200,0
2025-08-11 19:00:00,4629.55,4629.55,4598.06,4598.06,1.2166,1754942399999,5624.77279,7,0.00000000,0.00000000,0
2025-08-11 20:00:00,4598.06,4598.06,4598.06,4598.06,0.0,1754945999999,0.0,0,0.00000000,0.00000000,0
2025-08-11 21:00:00,4598.06,4598.06,4598.06,4598.06,0.0,1754949599999,0.0,0,0.00000000,0.00000000,0
2025-08-11 22:00:00,4598.06,4598.06,4598.06,4598.06,0.0,1754953199999,0.0,0,0.00000000,0.00000000,0
2025-08-11 23:00:00,4598.06,4598.06,4598.06,4598.06,0.0,1754956799999,0.0,0,0.00000000,0.00000000,0
2025-08-12 00:00:00,4598.06,4598.06,4598.06,4598.06,0.0,1754960399999,0.0,0,0.00000000,0.00000000,0
2025-08-12 01:00:00,4598.06,4598.06,4598.06,4598.06,0.0,1754963999999,0.0,0,0.00000000,0.00000000,0
2025-08-12 02:00:00,4613.22,4613.97,4613.22,4613.97,0.2167,1754967599999,999.739323,3,0.21670000,999.73932300,0
2025-08-12 03:00:00,4613.97,4613.97,4613.97,4613.97,0.0,1754971199999,0.0,0,0.00000000,0.00000000,0
2025-08-12 04:00:00,4613.97,4613.97,4613.97,4613.97,0.0,1754974799999,0.0,0,0.00000000,0.00000000,0
2025-08-12 05:00:00,4595.07,4595.07,4593.58,4593.58,1.0,1754978399999,4594.678149,7,0.00000000,0.00000000,0
2025-08-12 06:00:00,4593.58,4593.58,4593.58,4593.58,0.0,1754981999999,0.0,0,0.00000000,0.00000000,0
2025-08-12 07:00:00,4593.58,4593.58,4593.58,4593.58,0.0,1754985599999,0.0,0,0.00000000,0.00000000,0
2025-08-12 08:00:00,4640.9,4640.9,4639.86,4639.86,1.0,1754989199999,4640.264683,4,0.00000000,0.00000000,0
2025-08-12 09:00:00,4639.86,4639.86,4639.86,4639.86,0.0,1754992799999,0.0,0,0.00000000,0.00000000,0
2025-08-12 10:00:00,4609.27,4609.27,4609.0,4609.0,1.0,1754996399999,4609.039454,3,0.00000000,0.00000000,0
2025-08-12 11:00:00,4609.0,4609.0,4609.0,4609.0,0.0,1754999999999,0.0,0,0.00000000,0.00000000,0
2025-08-12 12:00:00,4609.0,4609.0,4609.0,4609.0,0.0,1755003599999,0.0,0,0.00000000,0.00000000,0
2025-08-12 13:00:00,4745.52,4745.52,4695.66,4695.67,0.5969,1755007199999,2803.614437,5,0.59270000,2783.69660900,0
2025-08-12 14:00:00,4695.67,4695.67,4695.67,4695.67,0.0,1755010799999,0.0,0,0.00000000,0.00000000,0
2025-08-12 15:00:00,4695.67,4695.67,4695.67,4695.67,0.0,1755014399999,0.0,0,0.00000000,0.00000000,0
2025-08-12 16:00:00,4695.67,4695.67,4695.67,4695.67,0.0,1755017999999,0.0,0,0.00000000,0.00000000,0
2025-08-12 17:00:00,4695.67,4695.67,4695.67,4695.67,0.0,1755021599999,0.0,0,0.00000000,0.00000000,0
2025-08-12 18:00:00,4821.98,4823.22,4820.18,4821.55,2.0,1755025199999,9643.802645,7,0.00000000,0.00000000,0
2025-08-12 19:00:00,4821.55,4821.55,4821.55,4821.55,0.0,1755028799999,0.0,0,0.00000000,0.00000000,0
2025-08-12 20:00:00,4960.28,4960.28,4960.28,4960.28,1.0052,1755032399999,4986.073456,11,1.00520000,4986.07345600,0
2025-08-12 21:00:00,4944.65,4944.65,4944.65,4944.65,0.0585,1755035999999,289.262025,3,0.00000000,0.00000000,0
2025-08-12 22:00:00,4922.68,4922.68,4922.68,4922.68,0.3066,1755039599999,1509.293688,2,0.00000000,0.00000000,0
2025-08-12 23:00:00,4922.68,4922.68,4922.68,4922.68,0.0,1755043199999,0.0,0,0.00000000,0.00000000,0
2025-08-13 00:00:00,4922.68,4922.68,4922.68,4922.68,0.0,1755046799999,0.0,0,0.00000000,0.00000000,0
2025-08-13 01:00:00,4922.68,4922.68,4922.68,4922.68,0.0,1755050399999,0.0,0,0.00000000,0.00000000,0
2025-08-13 02:00:00,4922.68,4922.68,4922.68,4922.68,0.0,1755053999999,0.0,0,0.00000000,0.00000000,0
2025-08-13 03:00:00,4922.68,4922.68,4922.68,4922.68,0.0,1755057599999,0.0,0,0.00000000,0.00000000,0
2025-08-13 04:00:00,4922.68,4922.68,4922.68,4922.68,0.0,1755061199999,0.0,0,0.00000000,0.00000000,0
2025-08-13 05:00:00,4922.68,4922.68,4922.68,4922.68,0.0,1755064799999,0.0,0,0.00000000,0.00000000,0
2025-08-13 06:00:00,4986.66,4986.66,4986.41,4986.41,1.0599,1755068399999,5285.193459,4,0.05990000,298.68595900,0
2025-08-13 07:00:00,4971.04,4971.04,4970.07,4970.07,1.0,1755071999999,4970.66517,3,0.00000000,0.00000000,0
2025-08-13 08:00:00,4970.07,4970.07,4970.07,4970.07,0.0,1755075599999,0.0,0,0.00000000,0.00000000,0
2025-08-13 09:00:00,4970.07,4970.07,4970.07,4970.07,0.0,1755079199999,0.0,0,0.00000000,0.00000000,0
2025-08-13 10:00:00,5055.22,5061.46,5055.22,5058.43,0.0196,1755082799999,99.148609,4,0.00980000,49.56114800,0
2025-08-13 11:00:00,5030.06,5041.02,5024.73,5039.99,1.0196,1755086399999,5139.039159,7,0.00980000,49.28728700,0
2025-08-13 12:00:00,5045.22,5072.15,5034.21,5034.21,3.357,1755089999999,16960.797212,17,0.00000000,0.00000000,0
2025-08-13 13:00:00,5036.91,5071.61,5024.73,5024.73,21.0914,1755093599999,106057.519592,121,0.72090000,3641.61932100,0
2025-08-13 14:00:00,5024.73,5031.99,5002.15,5002.15,38.125,1755097199999,191712.727401,217,20.01060000,100692.99763700,0
2025-08-13 15:00:00,5018.82,5018.82,5017.59,5017.59,1.0,1755100799999,5017.899282,4,0.00000000,0.00000000,0
2025-08-13 16:00:00,5017.59,5055.52,5017.59,5055.52,17.3128,1755104399999,86880.794471,107,16.90000000,84797.27100000,0
2025-08-13 17:00:00,5066.25,5066.25,5063.77,5063.77,0.9021,1755107999999,4568.34733,10,0.00000000,0.00000000,0
2025-08-13 18:00:00,5103.55,5104.04,5062.04,5068.12,2.6133,1755111599999,13295.821444,24,0.80670000,4117.27589700,0
2025-08-13 19:00:00,5068.12,5068.12,5068.12,5068.12,0.0,1755115199999,0.0,0,0.00000000,0.00000000,0
2025-08-13 20:00:00,5068.12,5068.12,5068.12,5068.12,0.0,1755118799999,0.0,0,0.00000000,0.00000000,0
2025-08-13 21:00:00,5068.12,5068.12,5068.12,5068.12,0.0,1755122399999,0.0,0,0.00000000,0.00000000,0
2025-08-13 22:00:00,5068.12,5068.12,5068.12,5068.12,0.0,1755125999999,0.0,0,0.00000000,0.00000000,0
2025-08-13 23:00:00,5101.56,5101.56,5100.28,5100.28,0.9999,1755129599999,5100.748137,5,0.00000000,0.00000000,0
2025-08-14 00:00:00,5100.28,5100.28,5100.28,5100.28,0.0,1755133199999,0.0,0,0.00000000,0.00000000,0
2025-08-14 01:00:00,5100.28,5100.28,5100.28,5100.28,0.0,1755136799999,0.0,0,0.00000000,0.00000000,0
2025-08-14 02:00:00,5100.28,5100.28,5100.28,5100.28,0.0,1755140399999,0.0,0,0.00000000,0.00000000,0
2025-08-14 03:00:00,5100.28,5100.28,5100.28,5100.28,0.0,1755143999999,0.0,0,0.00000000,0.00000000,0
2025-08-14 04:00:00,5100.28,5100.28,5100.28,5100.28,0.0,1755147599999,0.0,0,0.00000000,0.00000000,0
2025-08-14 05:00:00,5100.28,5100.28,5100.28,5100.28,0.0,1755151199999,0.0,0,0.00000000,0.00000000,0
2025-08-14 06:00:00,5100.28,5100.28,5100.28,5100.28,0.0,1755154799999,0.0,0,0.00000000,0.00000000,0
2025-08-14 07:00:00,5100.28,5100.28,5100.28,5100.28,0.0,1755158399999,0.0,0,0.00000000,0.00000000,0
2025-08-14 08:00:00,5100.28,5100.28,5100.28,5100.28,0.0,1755161999999,0.0,0,0.00000000,0.00000000,0
2025-08-14 09:00:00,5100.28,5100.28,5100.28,5100.28,0.0,1755165599999,0.0,0,0.00000000,0.00000000,0
2025-08-14 10:00:00,5107.04,5107.04,5107.04,5107.04,0.001,1755169199999,5.10704,1,0.00000000,0.00000000,0
2025-08-14 11:00:00,5073.64,5073.64,5071.56,5071.56,1.0,1755172799999,5072.824998,9,0.00000000,0.00000000,0
2025-08-14 12:00:00,5071.56,5071.56,5071.56,5071.56,0.0,1755176399999,0.0,0,0.00000000,0.00000000,0
2025-08-14 13:00:00,4833.49,4981.33,4822.89,4981.33,5.6483,1755179999999,27639.948661,26,2.62030000,12968.74545900,0
2025-08-14 14:00:00,5029.86,5029.86,5026.19,5027.66,3.0,1755183599999,15082.423799,13,2.00000000,10053.55227900,0
2025-08-14 15:00:00,5011.71,5011.71,4996.37,4996.37,2.0094,1755187199999,10068.125613,11,0.00470000,23.55000800,0
2025-08-14 16:00:00,4898.0,4900.93,4870.24,4870.24,3.187,1755190799999,15562.674394,20,1.29810000,6360.01151000,0
2025-08-14 17:00:00,4871.88,4871.88,4867.52,4867.52,0.0123,1755194399999,59.906248,3,0.01230000,59.90624800,0
2025-08-14 18:00:00,4885.37,4885.37,4839.92,4843.0,1.8909,1755197999999,9155.470512,13,1.89090000,9155.47051200,0
2025-08-14 19:00:00,4876.61,4876.61,4871.84,4871.84,0.9488,1755201599999,4624.538216,10,0.00000000,0.00000000,0
2025-08-14 20:00:00,4871.84,4871.84,4871.84,4871.84,0.0,1755205199999,0.0,0,0.00000000,0.00000000,0
2025-08-14 21:00:00,4876.52,4883.04,4832.65,4832.65,1.371,1755208799999,6643.586093,20,0.00000000,0.00000000,0
2025-08-14 22:00:00,4832.65,4832.65,4832.65,4832.65,0.0,1755212399999,0.0,0,0.00000000,0.00000000,0
2025-08-14 23:00:00,4904.57,4907.97,4904.57,4907.97,0.0081,1755215999999,39.740617,2,0.00410000,20.10873700,0
2025-08-15 00:00:00,4883.11,4883.11,4881.94,4881.94,1.0,1755219599999,4882.232102,5,0.00000000,0.00000000,0
2025-08-15 01:00:00,4881.94,4881.94,4881.94,4881.94,0.0,1755223199999,0.0,0,0.00000000,0.00000000,0
2025-08-15 02:00:00,4949.2,4968.16,4949.2,4968.16,0.1209,1755226799999,599.226058,3,0.12090000,599.22605800,0
2025-08-15 03:00:00,4968.16,4968.16,4968.16,4968.16,0.0,1755230399999,0.0,0,0.00000000,0.00000000,0
2025-08-15 04:00:00,4968.16,4968.16,4968.16,4968.16,0.0,1755233999999,0.0,0,0.00000000,0.00000000,0
2025-08-15 05:00:00,4968.16,4968.16,4968.16,4968.16,0.0,1755237599999,0.0,0,0.00000000,0.00000000,0
2025-08-15 06:00:00,4968.16,4968.16,4968.16,4968.16,0.0,1755241199999,0.0,0,0.00000000,0.00000000,0
2025-08-15 07:00:00,4996.73,4996.73,4992.21,4992.21,2.1065,1755244799999,10522.165335,20,0.00000000,0.00000000,0
2025-08-15 08:00:00,4992.21,4992.21,4992.21,4992.21,0.0,1755248399999,0.0,0,0.00000000,0.00000000,0
2025-08-15 09:00:00,4978.19,4978.19,4968.77,4968.77,15.7383,1755251999999,78209.317359,159,0.00800000,39.75016000,0
2025-08-15 10:00:00,4973.88,4988.24,4972.79,4988.24,1.2194,1755255599999,6067.778826,8,0.00000000,0.00000000,0
2025-08-15 11:00:00,4975.81,4982.43,4968.77,4982.43,1.0079,1755259199999,5013.074499,14,0.00800000,39.85799600,0
2025-08-15 12:00:00,4968.77,4992.45,4956.35,4976.94,26.0407,1755262799999,129563.977519,142,19.55100000,97284.03348800,0
2025-08-15 13:00:00,4976.94,4976.94,4976.94,4976.94,0.0,1755266399999,0.0,0,0.00000000,0.00000000,0
2025-08-15 14:00:00,4976.94,4976.94,4976.94,4976.94,0.0,1755269999999,0.0,0,0.00000000,0.00000000,0
2025-08-15 15:00:00,4750.66,4750.66,4739.56,4739.86,1.5455,1755273599999,7336.514078,13,0.20970000,993.94734900,0
2025-08-15 16:00:00,4766.04,4766.04,4724.47,4757.33,0.4277,1755277199999,2036.442541,4,0.20870000,994.67254800,0
2025-08-15 17:00:00,4745.48,4747.48,4745.48,4747.48,0.2171,1755280799999,1030.661108,3,0.00840000,39.86203200,0
2025-08-15 18:00:00,4768.78,4770.34,4768.78,4770.34,1.4668,1755284399999,6995.102496,10,1.46680000,6995.10249600,0
2025-08-15 19:00:00,4737.91,4737.91,4726.75,4726.75,0.0892,1755287999999,421.679668,3,0.08920000,421.67966800,0
2025-08-15 20:00:00,4748.93,4748.93,4748.93,4748.93,0.0048,1755291599999,22.794864,2,0.00480000,22.79486400,0
2025-08-15 21:00:00,4749.53,4749.53,4749.03,4749.03,1.0,1755295199999,4749.347766,4,0.00000000,0.00000000,0
2025-08-15 22:00:00,4767.33,4767.33,4766.91,4766.91,0.0147,1755298799999,70.074585,4,0.00240000,11.44159200,0
2025-08-15 23:00:00,4766.91,4766.91,4766.91,4766.91,0.0,1755302399999,0.0,0,0.00000000,0.00000000,0
2025-08-16 00:00:00,4766.91,4766.91,4766.91,4766.91,0.0,1755305999999,0.0,0,0.00000000,0.00000000,0
2025-08-16 01:00:00,4807.69,4807.7,4807.69,4807.7,0.21,1755309599999,1009.616583,2,0.21000000,1009.61658300,0
2025-08-16 02:00:00,4767.45,4777.77,4766.97,4777.77,0.3499,1755313199999,1668.189341,6,0.01230000,58.76522900,0
2025-08-16 03:00:00,4777.77,4777.77,4777.77,4777.77,0.0,1755316799999,0.0,0,0.00000000,0.00000000,0
2025-08-16 04:00:00,4777.77,4777.77,4777.77,4777.77,0.0,1755320399999,0.0,0,0.00000000,0.00000000,0
2025-08-16 05:00:00,4777.77,4777.77,4777.77,4777.77,0.0,1755323999999,0.0,0,0.00000000,0.00000000,0
2025-08-16 06:00:00,4777.77,4777.77,4777.77,4777.77,0.0,1755327599999,0.0,0,0.00000000,0.00000000,0
2025-08-16 07:00:00,4777.77,4777.77,4777.77,4777.77,0.0,1755331199999,0.0,0,0.00000000,0.00000000,0
2025-08-16 08:00:00,4777.77,4777.77,4777.77,4777.77,0.0,1755334799999,0.0,0,0.00000000,0.00000000,0
2025-08-16 09:00:00,4777.77,4777.77,4777.77,4777.77,0.0,1755338399999,0.0,0,0.00000000,0.00000000,0
2025-08-16 10:00:00,4777.77,4777.77,4777.77,4777.77,0.0,1755341999999,0.0,0,0.00000000,0.00000000,0
2025-08-16 11:00:00,4743.73,4747.45,4743.73,4747.45,0.0249,1755345599999,118.150238,8,0.01260000,59.80235900,0
2025-08-16 12:00:00,4725.12,4725.12,4723.26,4723.26,2.3584,1755349199999,11142.89161,10,0.00000000,0.00000000,0
2025-08-16 13:00:00,4731.14,4731.14,4730.67,4730.67,1.0,1755352799999,4730.821604,4,0.00000000,0.00000000,0
2025-08-16 14:00:00,4730.67,4730.67,4730.67,4730.67,1.0704,1755356399999,5063.709168,18,1.07040000,5063.70916800,0
2025-08-16 15:00:00,4730.67,4730.67,4730.67,4730.67,0.0,1755359999999,0.0,0,0.00000000,0.00000000,0
2025-08-16 16:00:00,4730.67,4730.67,4730.67,4730.67,0.0,1755363599999,0.0,0,0.00000000,0.00000000,0
2025-08-16 17:00:00,4733.19,4749.98,4723.17,4749.98,437.3484,1755367199999,2071370.699007,1921,253.79480000,1202576.46320100,0
2025-08-16 18:00:00,4740.46,4760.8,2395.96,4746.82,337.5166,1755370799999,1599669.919113,1276,169.68540000,805424.14321500,0
2025-08-16 19:00:00,4746.82,4746.82,4746.82,4746.82,0.0,1755374399999,0.0,0,0.00000000,0.00000000,0
2025-08-16 20:00:00,4747.54,4747.54,4746.98,4746.98,1.0,1755377999999,4747.480952,3,0.00000000,0.00000000,0
2025-08-16 21:00:00,4746.98,4746.98,4746.98,4746.98,0.0,1755381599999,0.0,0,0.00000000,0.00000000,0
2025-08-16 22:00:00,4746.98,4746.98,4746.98,4746.98,0.0,1755385199999,0.0,0,0.00000000,0.00000000,0
2025-08-16 23:00:00,4746.98,4746.98,4746.98,4746.98,0.0,1755388799999,0.0,0,0.00000000,0.00000000,0
2025-08-17 00:00:00,4746.98,4746.98,4746.98,4746.98,0.0,1755392399999,0.0,0,0.00000000,0.00000000,0
2025-08-17 01:00:00,4746.98,4746.98,4746.98,4746.98,0.0,1755395999999,0.0,0,0.00000000,0.00000000,0
2025-08-17 02:00:00,4740.09,4740.72,4740.09,4740.72,0.0084,1755399599999,39.819402,2,0.00420000,19.91102400,0
2025-08-17 03:00:00,4740.72,4740.72,4740.72,4740.72,0.0,1755403199999,0.0,0,0.00000000,0.00000000,0
2025-08-17 04:00:00,4740.72,4740.72,4740.72,4740.72,0.0,1755406799999,0.0,0,0.00000000,0.00000000,0
2025-08-17 05:00:00,4740.72,4740.72,4740.72,4740.72,0.0,1755410399999,0.0,0,0.00000000,0.00000000,0
2025-08-17 06:00:00,4740.72,4740.72,4740.72,4740.72,0.0,1755413999999,0.0,0,0.00000000,0.00000000,0
2025-08-17 07:00:00,4740.72,4740.72,4740.72,4740.72,0.0,1755417599999,0.0,0,0.00000000,0.00000000,0
2025-08-17 08:00:00,4834.26,4855.21,4834.26,4855.21,0.0065,1755421199999,31.508585,2,0.00240000,11.60222400,0
2025-08-17 09:00:00,4882.96,4882.96,4880.83,4880.83,1.0,1755424799999,4882.162028,3,0.00000000,0.00000000,0
2025-08-17 10:00:00,4880.83,4880.83,4880.83,4880.83,0.0,1755428399999,0.0,0,0.00000000,0.00000000,0
2025-08-17 11:00:00,4900.99,4901.19,4900.99,4901.19,0.221,1755431999999,1083.12083,2,0.01020000,49.99213800,0
2025-08-17 12:00:00,4889.04,4891.33,4887.38,4887.38,0.0224,1755435599999,109.520852,4,0.01120000,54.74031600,0
2025-08-17 13:00:00,4881.25,4881.25,4881.25,4881.25,0.0041,1755439199999,20.013125,1,0.00000000,0.00000000,0
2025-08-17 14:00:00,4881.25,4881.25,4881.25,4881.25,0.0,1755442799999,0.0,0,0.00000000,0.00000000,0
2025-08-17 15:00:00,4881.25,4881.25,4881.25,4881.25,0.0,1755446399999,0.0,0,0.00000000,0.00000000,0
2025-08-17 16:00:00,4881.25,4881.25,4881.25,4881.25,0.0,1755449999999,0.0,0,0.00000000,0.00000000,0
2025-08-17 17:00:00,4869.24,4869.24,4863.54,4863.54,0.0163,1755453599999,79.298502,2,0.01630000,79.29850200,0
2025-08-17 18:00:00,4863.54,4863.54,4863.54,4863.54,0.0,1755457199999,0.0,0,0.00000000,0.00000000,0
2025-08-17 19:00:00,4863.54,4863.54,4863.54,4863.54,0.0,1755460799999,0.0,0,0.00000000,0.00000000,0
2025-08-17 20:00:00,4863.54,4863.54,4863.54,4863.54,0.0,1755464399999,0.0,0,0.00000000,0.00000000,0
2025-08-17 21:00:00,4863.54,4863.54,4863.54,4863.54,0.0,1755467999999,0.0,0,0.00000000,0.00000000,0
2025-08-17 22:00:00,4856.75,4856.75,4856.75,4856.75,1.0,1755471599999,4856.75,1,0.00000000,0.00000000,0
2025-08-17 23:00:00,4856.75,4856.75,4856.75,4856.75,0.0,1755475199999,0.0,0,0.00000000,0.00000000,0
2025-08-18 00:00:00,4856.75,4856.75,4856.75,4856.75,0.0,1755478799999,0.0,0,0.00000000,0.00000000,0
2025-08-18 01:00:00,4856.75,4856.75,4856.75,4856.75,0.0,1755482399999,0.0,0,0.00000000,0.00000000,0
2025-08-18 02:00:00,4731.83,4735.61,4684.33,4684.33,0.2196,1755485999999,1038.898014,4,0.00000000,0.00000000,0
2025-08-18 03:00:00,4645.88,4645.88,4631.54,4639.38,0.0207,1755489599999,96.021826,3,0.00000000,0.00000000,0
2025-08-18 04:00:00,4633.57,4666.3,4633.57,4666.3,0.0173,1755493199999,80.439805,3,0.00000000,0.00000000,0
2025-08-18 05:00:00,4666.3,4666.3,4666.3,4666.3,0.0,1755496799999,0.0,0,0.00000000,0.00000000,0
2025-08-18 06:00:00,4583.93,4588.82,4559.78,4559.78,0.0121,1755500399999,55.382246,3,0.00000000,0.00000000,0
2025-08-18 07:00:00,4577.99,4584.07,4577.99,4584.07,0.0057,1755503999999,26.113999,2,0.00320000,14.66902400,0
2025-08-18 08:00:00,4600.54,4601.43,4588.89,4588.89,1.0076,1755507599999,4634.606686,8,0.00000000,0.00000000,0
2025-08-18 09:00:00,4580.38,4630.79,4563.08,4630.79,0.0578,1755511199999,264.988861,6,0.00000000,0.00000000,0
2025-08-18 10:00:00,4630.79,4630.79,4630.79,4630.79,0.0,1755514799999,0.0,0,0.00000000,0.00000000,0
2025-08-18 11:00:00,4630.79,4630.79,4630.79,4630.79,0.0,1755518399999,0.0,0,0.00000000,0.00000000,0
2025-08-18 12:00:00,4630.79,4630.79,4630.79,4630.79,0.0,1755521999999,0.0,0,0.00000000,0.00000000,0
2025-08-18 13:00:00,4666.17,4674.56,4666.17,4674.56,0.2144,1755525599999,1000.465144,3,0.21440000,1000.46514400,0
2025-08-18 14:00:00,4674.56,4674.56,4674.56,4674.56,0.0,1755529199999,0.0,0,0.00000000,0.00000000,0
2025-08-18 15:00:00,4674.56,4674.56,4674.56,4674.56,0.0,1755532799999,0.0,0,0.00000000,0.00000000,0
2025-08-18 16:00:00,4642.12,4649.26,4642.12,4649.26,7.526,1755536399999,34982.8153,46,1.87730000,8720.56247200,0
2025-08-18 17:00:00,4649.26,4649.26,4649.26,4649.26,0.0,1755539999999,0.0,0,0.00000000,0.00000000,0
2025-08-18 18:00:00,4649.26,4649.26,4649.26,4649.26,0.0,1755543599999,0.0,0,0.00000000,0.00000000,0
2025-08-18 19:00:00,4695.32,4697.97,4691.81,4691.81,3.7424,1755547199999,17576.230398,13,3.72980000,17517.11359200,0
2025-08-18 20:00:00,4678.74,4690.0,4677.29,4690.0,2.004,1755550799999,9383.570274,12,0.00400000,18.76000000,0
2025-08-18 21:00:00,4690.0,4690.0,4690.0,4690.0,0.5282,1755554399999,2477.258,3,0.52820000,2477.25800000,0
2025-08-18 22:00:00,4690.0,4690.0,4690.0,4690.0,6.9818,1755557999999,32744.642,11,6.98180000,32744.64200000,0
2025-08-18 23:00:00,4681.33,4683.76,4633.18,4633.18,1.0111,1755561599999,4686.9524,10,0.00840000,39.34358400,0
2025-08-19 00:00:00,4633.18,4633.18,4633.18,4633.18,0.0,1755565199999,0.0,0,0.00000000,0.00000000,0
2025-08-19 01:00:00,4621.43,4621.43,4620.09,4620.09,1.0,1755568799999,4620.726941,5,0.00000000,0.00000000,0
2025-08-19 02:00:00,4620.09,4620.09,4620.09,4620.09,0.0,1755572399999,0.0,0,0.00000000,0.00000000,0
2025-08-19 03:00:00,4620.09,4620.09,4620.09,4620.09,0.0,1755575999999,0.0,0,0.00000000,0.00000000,0
